,0
0,"1                        准考證號碼 姓 &nbsp名  \
3       10059203 考區 : 臺北市立景美女中      莊*均   
4    10123740 考區 : 國立北科大附屬桃園農工      邱*俞   
5         10318641 考區 : 國立花蓮高中      金*文   
6       10032106 考區 : 臺北市立成淵高中      孫*竑   
7       10188301 考區 : 臺中市立清水高中      馬*宸   
8       10119140 考區 : 桃園市立桃園高中      朱*莘   
9       10033625 考區 : 臺北市立成淵高中      吳*儀   
10      10054112 考區 : 臺北市立內湖高中      陳*霖   
11      10091935 考區 : 新北市立三民高中      李*君   
12        10232314 考區 : 國立嘉義高中      陳*穎   
13      10115539 考區 : 桃園市立陽明高中      林*妤   
14        10149424 考區 : 國立新竹女中      洪*昊   
15        10130814 考區 : 私立育達高中      NaN   
16      10120441 考區 : 桃園市立桃園高中      劉*禎   
17      10056829 考區 : 臺北市立景美女中      段*非   
18        10321035 考區 : 國立臺東女中      鄭*皓   
19        10317439 考區 : 私立海星高中      田*綺   
20        10146434 考區 : 國立新竹高中      陳*渟   
21    10212007 考區 : 國立彰化師大附屬高工      梁*雯   
22      10135927 考區 : 桃園市立平鎮高中      陸*丞   
23      10113403 考區 : 桃園市立武陵高中      張*昕   
24      10044933 考區 : 臺北市立百齡高中      彭*軒   
25        10153706 考區 : 國立竹北高中      曹*安   
26      10006234 考區 : 臺北市立成功高中      任*中   
27      10135338 考區 : 桃園市立平鎮高中      張*嘉   
28        10138734 考區 : 私立復旦高中      劉*宇   
29      10080517 考區 : 新北市立新莊高中      NaN   
30      10044016 考區 : 臺北市立百齡高中      黃*瑄   
31      10038025 考區 : 國立臺灣師範大學      NaN   
32  10129411 考區 : 國立中央大學附屬中壢高中      黃*安   
33      10039115 考區 : 國立臺灣師範大學      NaN   
34        10132505 考區 : 私立育達高中      黃*昇   
35      10048940 考區 : 臺北市立中正高中      張*齊   
36      10053841 考區 : 臺北市立內湖高中      謝*翰   
37        10317116 考區 : 私立海星高中      黃*義   
38      10053606 考區 : 臺北市立內湖高中      華*涵   
39      10054414 考區 : 臺北市立內湖高中      李*蓉   
40      10079929 考區 : 新北市立新莊高中      洪*晞   
41      10082539 考區 : 新北市立新莊高中      NaN   
42      10088735 考區 : 新北市立新北高中      NaN   
43      10111937 考區 : 桃園市立武陵高中      徐*辰   
44      10136017 考區 : 桃園市立平鎮高中      葉*妮   
45        10155437 考區 : 國立竹北高中      鄭*芊   
46        10205611 考區 : 國立中興高中      胡*默   
47        10250612 考區 : 國立臺南女中      劉*沛   
48        10260611 考區 : 國立新營高中      NaN   
49      10266203 考區 : 國立高雄師範大學      NaN   
50        10317229 考區 : 私立海星高中      鄭*璟   
51                         NaN      NaN   

1                                    校系名稱 [隱藏 科技大學校系]  
3   國立宜蘭大學 外國語文學系 正1 東吳大學 英文學系 正26 淡江大學 英文學系 正5 逢甲...  
4                 國立宜蘭大學 外國語文學系 正2 國立嘉義大學 外國語言學系英語教學組  
5   國立宜蘭大學 外國語文學系 正3 國立臺中教育大學 英語學系 備1  臺北市立大學 英語教學...  
6   國立宜蘭大學 外國語文學系 正4 逢甲大學 外國語文學系 正20 中山醫學大學 應用外國語言...  
7   國立宜蘭大學 外國語文學系 正5 國立臺南大學 英語學系 備9 國立東華大學 英美語文學系 ...  
8   國立宜蘭大學 外國語文學系 正6 中原大學 應用外國語文學系 正25 輔仁大學 日本語文學系...  
9   國立宜蘭大學 外國語文學系 正7 國立中興大學 外國語文學系 正19 國立政治大學 阿拉伯語...  
10  國立宜蘭大學 外國語文學系 正8 東吳大學 日本語文學系 備25 淡江大學 德國語文學系 備...  
11  國立宜蘭大學 外國語文學系 正9 東吳大學 英文學系 備64 東海大學 外國語文學系 備28...  
12  國立宜蘭大學 外國語文學系 正10 逢甲大學 澳洲墨爾本皇家理工大學商學與創新雙學士學位學程...  
13  國立宜蘭大學 外國語文學系 正11 淡江大學 英文學系 正55 國立東華大學 英美語文學系 ...  
14  國立宜蘭大學 外國語文學系 正12 國立屏東大學 英語學系 備8 國立嘉義大學 外國語言學系...  
15                                  國立宜蘭大學 外國語文學系 正13  
16  國立宜蘭大學 外國語文學系 正14 國立清華大學 幼兒教育學系 正取 長庚大學 醫務管理學系...  
17  國立宜蘭大學 外國語文學系 正15 國立東華大學 英美語文學系 備26 國立暨南國際大學 東...  
18  國立宜蘭大學 外國語文學系 原住民-正1 淡江大學 英文學系 靜宜大學 英國語文學系 原住民...  
19  國立宜蘭大學 外國語文學系 原住民-正2 東吳大學 社會學系 原住民-備1 淡江大學 英文學...  
20  國立宜蘭大學 外國語文學系 備1 輔仁大學 餐旅管理學系 備59  國立屏東科技大學餐旅管理...  
21  國立宜蘭大學 外國語文學系 備2 國立暨南國際大學 外國語文學系 備9 亞洲大學 數位媒體設...  
22  國立宜蘭大學 外國語文學系 備3 淡江大學 資訊傳播學系 備47 輔仁大學 社會工作學系 備...  
23  國立宜蘭大學 外國語文學系 備4 國立東華大學 英美語文學系 備6 國立臺東大學 英美語文學...  
24  國立宜蘭大學 外國語文學系 備5 中原大學 應用外國語文學系 備12 淡江大學 法國語文學系...  
25  國立宜蘭大學 外國語文學系 備6 國立臺南大學 教育學系  國立金門大學 應用英語學系 正1...  
26  國立宜蘭大學 外國語文學系 備7 中原大學 應用外國語文學系 備28 大同大學 應用外語學系...  
27  國立宜蘭大學 外國語文學系 備8 東吳大學 英文學系 備24 淡江大學 英文學系 備69 國...  
28  國立宜蘭大學 外國語文學系 備9 國立暨南國際大學 國際文教與比較教育學系 備36  國立宜...  
29  國立宜蘭大學 外國語文學系 備10 東吳大學 英文學系 備36 中原大學 應用外國語文學系 ...  
30  國立宜蘭大學 外國語文學系 備11 淡江大學 法國語文學系 正34 輔仁大學 義大利語文學系...  
31                國立宜蘭大學 外國語文學系 備12 臺北市立大學 幼兒教育學系 備37  
32  國立宜蘭大學 外國語文學系 備13 中原大學 應用外國語文學系 備67 淡江大學 日本語文學...  
33  國立宜蘭大學 外國語文學系 備14 國立臺灣海洋大學 商船學系 備8 國立臺灣海洋大學 航運...  
34  國立宜蘭大學 外國語文學系 備15 中原大學 國際經營與貿易學系 備7 逢甲大學 國際經營與...  
35  國立宜蘭大學 外國語文學系 備16 國立東華大學 國際企業學系 國立東華大學 英美語文學系 ...  
36  國立宜蘭大學 外國語文學系 備17 國立東華大學 英美語文學系 國立暨南國際大學 外國語文學...  
37      國立宜蘭大學 外國語文學系 備18 淡江大學 法國語文學系 備69 逢甲大學 外國語文學系  
38  國立宜蘭大學 外國語文學系  東吳大學 英文學系 備39 國立中正大學 哲學系 備4 國立嘉...  
39  國立宜蘭大學 外國語文學系  東吳大學 日本語文學系 備52 中原大學 應用外國語文學系 備...  
40  國立宜蘭大學 外國語文學系  東吳大學 歷史學系 國立東華大學 歷史學系  國立中正大學 哲...  
41                       國立宜蘭大學 外國語文學系  國立東華大學 英美語文學系  
42                                      國立宜蘭大學 外國語文學系  
43  國立宜蘭大學 外國語文學系  國立高雄師範大學 事業經營學系 備14 國立嘉義大學 外國語言...  
44  國立宜蘭大學 外國語文學系  淡江大學 西班牙語文學系 備62 輔仁大學 義大利語文學系 備...  
45  國立宜蘭大學 外國語文學系  靜宜大學 英國語文學系 國立臺灣藝術大學 舞蹈學系 正25  ...  
46  國立宜蘭大學 外國語文學系  東吳大學 英文學系 淡江大學 法國語文學系 正13 輔仁大學 ...  
47  國立宜蘭大學 外國語文學系  國立中興大學 國際農企業學士學位學程 備15 國立嘉義大學 外...  
48                                      國立宜蘭大學 外國語文學系  
49                                      國立宜蘭大學 外國語文學系  
50  國立宜蘭大學 外國語文學系  淡江大學 英文學系 原住民-備2 元智大學 管理學院學士班(主...  
51                                                NaN  "
1,"1                         准考證號碼 姓 &nbsp名  \
3        10099430 考區 : 新北市立永平高中      NaN   
4          10312009 考區 : 國立宜蘭大學      蔡*昇   
5        10035811 考區 : 國立臺灣師範大學      NaN   
6        10021001 考區 : 臺北市立大安高工      許*晴   
7          10314902 考區 : 國立宜蘭大學      NaN   
8        10120112 考區 : 桃園市立桃園高中      蘇*岳   
9        10097918 考區 : 新北市立永平高中      NaN   
10       10048538 考區 : 臺北市立中正高中      NaN   
11       10069705 考區 : 新北市立新北高工      盧*婕   
12       10009309 考區 : 臺北市立建國高中      林*綺   
13       10101831 考區 : 新北市立錦和高中      陳*璿   
14         10261111 考區 : 國立新營高中      林*安   
15       10110622 考區 : 桃園市立武陵高中      陳*蓉   
16       10094906 考區 : 新北市立三民高中      NaN   
17       10119522 考區 : 桃園市立桃園高中      張*宇   
18   10127316 考區 : 國立中央大學附屬中壢高中      NaN   
19       10199731 考區 : 臺中市立惠文高中      廖*婷   
20       10106827 考區 : 國立臺灣海洋大學      劉*函   
21   10129238 考區 : 國立中央大學附屬中壢高中      王*喬   
22       10061116 考區 : 新北市立新店高中      侯*弦   
23       10073621 考區 : 新北市立板橋高中      黃*驊   
24       10295317 考區 : 高雄市立中山高中      呂*寬   
25       10009719 考區 : 臺北市立建國高中      黃*勳   
26       10101626 考區 : 新北市立錦和高中      周*寬   
27       10058833 考區 : 臺北市立景美女中      王*意   
28       10063014 考區 : 新北市立新店高中      劉*庭   
29       10093908 考區 : 新北市立三民高中      黃*晴   
30       10063418 考區 : 新北市立新店高中      楊*羽   
31       10096013 考區 : 新北市立永平高中      陳*湄   
32         10221922 考區 : 國立斗六高中      蔡*融   
..                          ...      ...   
73       10076721 考區 : 新北市立板橋高中      NaN   
74       10008314 考區 : 臺北市立成功高中      NaN   
75       10010907 考區 : 臺北市立建國高中      李*潔   
76       10024411 考區 : 國立臺灣師大附中      NaN   
77       10026909 考區 : 臺北市立松山高中      朱*恆   
78       10039115 考區 : 國立臺灣師範大學      NaN   
79       10044829 考區 : 臺北市立百齡高中      NaN   
80       10052508 考區 : 臺北市立內湖高中      NaN   
81       10060010 考區 : 新北市立新店高中      NaN   
82       10060802 考區 : 新北市立新店高中      NaN   
83       10063116 考區 : 新北市立新店高中      周*鎂   
84         10068723 考區 : 國立華僑高中      謝*凱   
85       10070535 考區 : 新北市立新北高工      李*沅   
86       10088729 考區 : 新北市立新北高中      NaN   
87       10091715 考區 : 新北市立三民高中      林*峰   
88       10098802 考區 : 新北市立永平高中      NaN   
89       10112507 考區 : 桃園市立武陵高中      NaN   
90    10122730 考區 : 國立北科大附屬桃園農工      NaN   
91   10126616 考區 : 國立中央大學附屬中壢高中      NaN   
92       10166406 考區 : 臺中市立臺中二中      古*涵   
93         10189636 考區 : 私立弘文高中      李*誠   
94         10234937 考區 : 國立嘉義女中      NaN   
95       10271736 考區 : 高雄市立中正高中      張*瑜   
96         10313422 考區 : 國立宜蘭大學      NaN   
97         10316904 考區 : 私立海星高中      黃*慈   
98         10317037 考區 : 私立海星高中      黃*翎   
99         10317315 考區 : 私立海星高中      胡*惠   
100        10318410 考區 : 國立花蓮高中      謝*庭   
101        10318420 考區 : 國立花蓮高中      NaN   
102                         NaN      NaN   

1                                     校系名稱 [隱藏 科技大學校系]  
3                    國立宜蘭大學 應用經濟與管理學系 正1 東吳大學 英文學系 正67  
4    國立宜蘭大學 應用經濟與管理學系 正2 東海大學 財務金融學系 國立東華大學 會計學系 備1...  
5                 國立宜蘭大學 應用經濟與管理學系 正3 國立宜蘭大學 資訊工程學系 正6  
6    國立宜蘭大學 應用經濟與管理學系 正4 國立臺灣海洋大學 海洋文創設計產業學士學位學程 備2...  
7    國立宜蘭大學 應用經濟與管理學系 正5 東海大學 企業管理學系(創業與組織領導組)  國立宜...  
8    國立宜蘭大學 應用經濟與管理學系 正6 中原大學 企業管理學系工商管理組 正34 元智大學 ...  
9    國立宜蘭大學 應用經濟與管理學系 正7 國立臺灣海洋大學 運輸科學系A組 備24 國立臺灣海...  
10   國立宜蘭大學 應用經濟與管理學系 正8 逢甲大學 環境工程與科學學系 備60  逢甲大學 美...  
11   國立宜蘭大學 應用經濟與管理學系 正9 國立高雄師範大學 事業經營學系 備21 國立嘉義大學...  
12   國立宜蘭大學 應用經濟與管理學系 正10 國立東華大學 會計學系 正13 國立東華大學 國際...  
13   國立宜蘭大學 應用經濟與管理學系 正11 東吳大學 會計學系 備150 東海大學 國際經營與...  
14   國立宜蘭大學 應用經濟與管理學系 正12 國立臺南大學 經營與管理學系 備27 國立屏東大學...  
15   國立宜蘭大學 應用經濟與管理學系 正13 中原大學 企業管理學系工商管理組 正10 淡江大學...  
16              國立宜蘭大學 應用經濟與管理學系 正14 國立聯合大學 化學工程學系 正16  
17   國立宜蘭大學 應用經濟與管理學系 正15 逢甲大學 財務金融學系 正67 國立東華大學 經濟...  
18   國立宜蘭大學 應用經濟與管理學系 正16 長庚大學 電子工程學系 備13 長庚大學 資訊管理...  
19   國立宜蘭大學 應用經濟與管理學系 正17 逢甲大學 合作經濟暨社會事業經營學系 正7 逢甲大...  
20   國立宜蘭大學 應用經濟與管理學系 正18 中原大學 國際經營與貿易學系 正19 中國醫藥大學...  
21   國立宜蘭大學 應用經濟與管理學系 正19 中原大學 企業管理學系服務業管理組 正23 中原大...  
22   國立宜蘭大學 應用經濟與管理學系 正20 淡江大學 風險管理與保險學系 正1 輔仁大學 教育...  
23   國立宜蘭大學 應用經濟與管理學系 正21 國立暨南國際大學 觀光休閒與餐旅管理學系餐旅管理組...  
24   國立宜蘭大學 應用經濟與管理學系 正22 國立聯合大學 化學工程學系 備32 國立聯合大學 ...  
25   國立宜蘭大學 應用經濟與管理學系 正23 國立東華大學 應用數學系統計科學組 國立東華大學 ...  
26   國立宜蘭大學 應用經濟與管理學系 正24 中原大學 應用數學系 正63 淡江大學 統計學系 正88  
27   國立宜蘭大學 應用經濟與管理學系 正25 東吳大學 社會學系 備39 東吳大學 資訊管理學系...  
28   國立宜蘭大學 應用經濟與管理學系 正26 東吳大學 經濟學系 正45 淡江大學 經濟學系 正...  
29   國立宜蘭大學 應用經濟與管理學系 正27 東吳大學 經濟學系 備10 國立臺灣海洋大學 海洋...  
30   國立宜蘭大學 應用經濟與管理學系 正28 淡江大學 統計學系 正27 淡江大學 資訊管理學系...  
31   國立宜蘭大學 應用經濟與管理學系 正29 國立東華大學 資訊管理學系 正25 國立暨南國際大...  
32   國立宜蘭大學 應用經濟與管理學系 正30 國立體育大學 休閒產業經營學系 國立臺灣體育運動大...  
..                                                 ...  
73   國立宜蘭大學 應用經濟與管理學系 備40 東吳大學 經濟學系 正76 國立東華大學 經濟學系...  
74   國立宜蘭大學 應用經濟與管理學系  東海大學 國際學院國際經營管理學位學程(英語專班) 淡江...  
75    國立宜蘭大學 應用經濟與管理學系  中山醫學大學 醫學資訊學系 備6 國立東華大學 國際企業學系  
76   國立宜蘭大學 應用經濟與管理學系  東吳大學 資訊管理學系 淡江大學 土木工程學系 世新大學...  
77   國立宜蘭大學 應用經濟與管理學系  中原大學 機械工程學系 正72 中原大學 電子工程學系 ...  
78   國立宜蘭大學 應用經濟與管理學系  國立臺灣海洋大學 商船學系 備8 國立臺灣海洋大學 航運...  
79           國立宜蘭大學 應用經濟與管理學系  國立東華大學 經濟學系 國立中正大學 政治學系  
80   國立宜蘭大學 應用經濟與管理學系  國立彰化師範大學 企業管理學系 國立東華大學 管理學院管...  
81                     國立宜蘭大學 應用經濟與管理學系  國立暨南國際大學 經濟學系  
82   國立宜蘭大學 應用經濟與管理學系  東吳大學 會計學系 備132 東吳大學 財務工程與精算數...  
83      國立宜蘭大學 應用經濟與管理學系  國立臺東大學 資訊管理學系  國立臺北護理健康大學護理系  
84   國立宜蘭大學 應用經濟與管理學系  輔仁大學 經濟學系 國立暨南國際大學 經濟學系  國立宜...  
85   國立宜蘭大學 應用經濟與管理學系  國立體育大學 休閒產業經營學系 備11 國立體育大學 體...  
86   國立宜蘭大學 應用經濟與管理學系  銘傳大學 財務金融學系國際金融管理組(臺北校區) 銘傳大...  
87   國立宜蘭大學 應用經濟與管理學系  東吳大學 巨量資料管理學院學士學位學程 備38 淡江大學...  
88   國立宜蘭大學 應用經濟與管理學系  國立彰化師範大學 數學系 正7 國立臺北大學 休閒運動管理學系  
89                   國立宜蘭大學 應用經濟與管理學系  國立宜蘭大學 生物機電工程學系  
90   國立宜蘭大學 應用經濟與管理學系  東吳大學 經濟學系 正74 東吳大學 企業管理學系 備1...  
91   國立宜蘭大學 應用經濟與管理學系  國立中興大學 財務金融學系 元智大學 管理學院學士班(主...  
92   國立宜蘭大學 應用經濟與管理學系  東吳大學 財務工程與精算數學系 備55 中原大學 應用數...  
93   國立宜蘭大學 應用經濟與管理學系  國立臺灣海洋大學 生命科學暨生物科技學系 國立臺南大學 ...  
94   國立宜蘭大學 應用經濟與管理學系  國立東華大學 生命科學系 國立屏東大學 資訊管理學系  ...  
95   國立宜蘭大學 應用經濟與管理學系  國立臺灣海洋大學 運輸科學系B組 備29 國立暨南國際大...  
96   國立宜蘭大學 應用經濟與管理學系  淡江大學 國際企業學系國際商學全英語組 銘傳大學 國際企...  
97   國立宜蘭大學 應用經濟與管理學系  國立東華大學 資訊管理學系 原住民-備1 國立東華大學 ...  
98   國立宜蘭大學 應用經濟與管理學系  國立中興大學 應用經濟學系 原住民-備1 靜宜大學 財務...  
99   國立宜蘭大學 應用經濟與管理學系  國立臺灣海洋大學 航運管理學系 國立東華大學 企業管理學...  
100             國立宜蘭大學 應用經濟與管理學系  國立東華大學 財務金融學系 原住民-備3  
101  國立宜蘭大學 應用經濟與管理學系  國立東華大學 社會學系  世新大學 企業管理學系 慈濟大...  
102                                                NaN  

[100 rows x 3 columns]"
2,"1                        准考證號碼 姓 &nbsp名  \
3   10128026 考區 : 國立中央大學附屬中壢高中      洪*毅   
4         10221922 考區 : 國立斗六高中      蔡*融   
5         10147427 考區 : 國立新竹高中      黃*倫   
6       10000505 考區 : 臺北市立大同高中      詹*崴   
7       10032401 考區 : 臺北市立成淵高中      NaN   
8       10027504 考區 : 臺北市立松山高中      張*綺   
9         10311233 考區 : 國立宜蘭大學      陳*涵   
10      10073621 考區 : 新北市立板橋高中      黃*驊   
11        10311106 考區 : 國立宜蘭大學      楊*婷   
12        10244217 考區 : 國立臺南二中      顏*瑩   
13      19250206 考區 : 新北市立新北高工      NaN   
14      10093339 考區 : 新北市立三民高中      張*昇   
15   10123713 考區 : 國立北科大附屬桃園農工      NaN   
16      10290728 考區 : 高雄市立高雄女中      郭*緯   
17        10108726 考區 : 國立基隆女中      陳*均   
18      10118826 考區 : 桃園市立桃園高中      藍*喬   
19      10121140 考區 : 桃園市立桃園高中      陳*宣   
20        10138734 考區 : 私立復旦高中      劉*宇   
21      10012409 考區 : 臺北市立建國高中      NaN   
22      10107316 考區 : 國立臺灣海洋大學      林*瀞   
23      10103636 考區 : 新北市立錦和高中      黃*恩   
24      10091427 考區 : 新北市立新北高中      陳*安   
25      10106910 考區 : 國立臺灣海洋大學      詹*安   
26      10071702 考區 : 新北市立新北高工      胡*維   
27      10090318 考區 : 新北市立新北高中      張*騏   
28   10123115 考區 : 國立北科大附屬桃園農工      湛*諶   
29      10016532 考區 : 臺北市立第一女中      陳*霖   
30      10008220 考區 : 臺北市立成功高中      NaN   
31        10233915 考區 : 國立嘉義女中      吳*蓁   
32      10047114 考區 : 臺北市立百齡高中      吳*頡   
33        10066312 考區 : 國立華僑高中      藍*祐   
34      10061117 考區 : 新北市立新店高中      NaN   
35        10146231 考區 : 國立新竹高中      張*歆   
36      10090126 考區 : 新北市立新北高中      陳*明   
37      10075738 考區 : 新北市立板橋高中      林*欣   
38      10097337 考區 : 新北市立永平高中      朱*愷   
39      10008031 考區 : 臺北市立成功高中      王*燁   
40  10126230 考區 : 國立中央大學附屬中壢高中      NaN   
41        10066227 考區 : 國立華僑高中      黃*誠   
42      10091521 考區 : 新北市立新北高中      NaN   
43      10024135 考區 : 國立臺灣師大附中      王*翔   
44      10060141 考區 : 新北市立新店高中      林*妤   
45      10093741 考區 : 新北市立三民高中      周*妤   
46      10095935 考區 : 新北市立永平高中      張*淇   
47      10099740 考區 : 新北市立永平高中      林*宇   
48        10108534 考區 : 國立基隆女中      何*嫺   
49   10124639 考區 : 國立北科大附屬桃園農工      NaN   
50        10155409 考區 : 國立竹北高中      王*峰   
51          10186419 考區 : 靜宜大學      韋*如   
52        10240002 考區 : 國立臺南一中      NaN   
53        10245418 考區 : 國立臺南二中      葉*如   
54        10314902 考區 : 國立宜蘭大學      NaN   
55                         NaN      NaN   

1                                    校系名稱 [隱藏 科技大學校系]  
3   國立宜蘭大學 休閒產業與健康促進學系 正1 國立臺灣海洋大學 海洋環境資訊系 正28 國立臺...  
4   國立宜蘭大學 休閒產業與健康促進學系 正2 國立體育大學 休閒產業經營學系 國立臺灣體育運動...  
5   國立宜蘭大學 休閒產業與健康促進學系 正3 國立臺灣體育運動大學 休閒運動學系 國立嘉義大學...  
6   國立宜蘭大學 休閒產業與健康促進學系 正4 輔仁大學 體育學系運動健康管理組 正7 國立體育...  
7   國立宜蘭大學 休閒產業與健康促進學系 正5 臺北市立大學 幼兒教育學系 正12  國立宜蘭大...  
8   國立宜蘭大學 休閒產業與健康促進學系 正6 輔仁大學 餐旅管理學系 正21 國立臺南大學 國...  
9   國立宜蘭大學 休閒產業與健康促進學系 正7 國立東華大學 觀光暨休閒遊憩學系 正20  國立...  
10  國立宜蘭大學 休閒產業與健康促進學系 正8 國立暨南國際大學 觀光休閒與餐旅管理學系餐旅管理...  
11  國立宜蘭大學 休閒產業與健康促進學系 正9 淡江大學 水資源及環境工程學系水資源工程組 正9...  
12  國立宜蘭大學 休閒產業與健康促進學系 正10 臺北市立大學 城市發展學系 備1 國立屏東大學...  
13  國立宜蘭大學 休閒產業與健康促進學系 正11 臺北市立大學 休閒運動管理學系 國立臺灣體育運...  
14  國立宜蘭大學 休閒產業與健康促進學系 正12 淡江大學 運輸管理學系 備61 輔仁大學 織品...  
15  國立宜蘭大學 休閒產業與健康促進學系 備1 中山醫學大學 醫學社會暨社會工作學系 臺北市立大...  
16  國立宜蘭大學 休閒產業與健康促進學系 備2 東海大學 環境科學與工程學系 備45 逢甲大學 ...  
17  國立宜蘭大學 休閒產業與健康促進學系 備3 國立東華大學 企業管理學系 正22 國立東華大學...  
18    國立宜蘭大學 休閒產業與健康促進學系 備4 東吳大學 中國文學系 世新大學 新聞學系 備109  
19  國立宜蘭大學 休閒產業與健康促進學系 備5 世新大學 口語傳播學系 備37 國立臺灣體育運動...  
20  國立宜蘭大學 休閒產業與健康促進學系 備6 國立暨南國際大學 國際文教與比較教育學系 備36...  
21  國立宜蘭大學 休閒產業與健康促進學系 備7 東吳大學 微生物學系生物科技組 備15 輔仁大學...  
22  國立宜蘭大學 休閒產業與健康促進學系 備8 中國文化大學 韓國語文學系 正20 中國文化大學...  
23  國立宜蘭大學 休閒產業與健康促進學系 備9 國立體育大學 休閒產業經營學系 備16 國立臺灣...  
24     國立宜蘭大學 休閒產業與健康促進學系 備10 中國醫藥大學 公共衛生學院大一不分系 備118  
25  國立宜蘭大學 休閒產業與健康促進學系 備11 國立東華大學 幼兒教育學系 備1 國立臺東大學...  
26           國立宜蘭大學 休閒產業與健康促進學系 備12 國立金門大學 長期照護學系 備11  
27  國立宜蘭大學 休閒產業與健康促進學系 備13 淡江大學 日本語文學系 備82 淡江大學 國際...  
28  國立宜蘭大學 休閒產業與健康促進學系 備14 國立屏東大學 國際貿易學系 備35 世新大學 ...  
29  國立宜蘭大學 休閒產業與健康促進學系 備15 淡江大學 公共行政學系 備33 國立體育大學 ...  
30                             國立宜蘭大學 休閒產業與健康促進學系 備16  
31  國立宜蘭大學 休閒產業與健康促進學系 備17 國立東華大學 觀光暨休閒遊憩學系 國立屏東大學...  
32  國立宜蘭大學 休閒產業與健康促進學系 備18 靜宜大學 觀光事業學系 備20 國立東華大學 ...  
33  國立宜蘭大學 休閒產業與健康促進學系 備19 中國文化大學 心理輔導學系 正20  銘傳大學...  
34   國立宜蘭大學 休閒產業與健康促進學系 備20 元智大學 管理學院學士班(主修：財務金融) 備72  
35  國立宜蘭大學 休閒產業與健康促進學系 備21 國立臺南藝術大學 應用音樂學系 國立嘉義大學 ...  
36              國立宜蘭大學 休閒產業與健康促進學系 備22 淡江大學 公共行政學系 備6  
37  國立宜蘭大學 休閒產業與健康促進學系 備23 國立屏東大學 休閒事業經營學系 備12 國立體...  
38  國立宜蘭大學 休閒產業與健康促進學系 備24 臺北市立大學 休閒運動管理學系 國立體育大學 ...  
39  國立宜蘭大學 休閒產業與健康促進學系 備25 大同大學 應用外語學系 備29 中華大學 旅遊...  
40                             國立宜蘭大學 休閒產業與健康促進學系 備26  
41  國立宜蘭大學 休閒產業與健康促進學系 備27 輔仁大學 體育學系運動健康管理組 備9 國立體...  
42  國立宜蘭大學 休閒產業與健康促進學系 備28 淡江大學 資訊傳播學系 元智大學 社會暨政策科...  
43  國立宜蘭大學 休閒產業與健康促進學系  輔仁大學 體育學系運動健康管理組 正10 國立體育大...  
44  國立宜蘭大學 休閒產業與健康促進學系  銘傳大學 企業管理學系品牌行銷組(臺北校區) 正12...  
45  國立宜蘭大學 休閒產業與健康促進學系  中原大學 心理學系 中原大學 生物醫學工程學系 淡江...  
46  國立宜蘭大學 休閒產業與健康促進學系  輔仁大學 護理學系 備60 世新大學 圖文傳播暨數位...  
47  國立宜蘭大學 休閒產業與健康促進學系  淡江大學 航空太空工程學系 正52 國立嘉義大學 森...  
48  國立宜蘭大學 休閒產業與健康促進學系  國立臺灣海洋大學 海洋觀光管理學士學位學程 備17 ...  
49  國立宜蘭大學 休閒產業與健康促進學系  臺北市立大學 休閒運動管理學系 元智大學 資訊傳播學...  
50  國立宜蘭大學 休閒產業與健康促進學系  輔仁大學 哲學系 輔仁大學 教育領導與科技發展學士學...  
51  國立宜蘭大學 休閒產業與健康促進學系  國立體育大學 休閒產業經營學系 國立體育大學 體育推...  
52  國立宜蘭大學 休閒產業與健康促進學系  國立聯合大學 經營管理學系 備9 國立聯合大學 文化...  
53  國立宜蘭大學 休閒產業與健康促進學系  國立臺南大學 國語文學系 銘傳大學 新聞學系(臺北校...  
54  國立宜蘭大學 休閒產業與健康促進學系  東海大學 企業管理學系(創業與組織領導組) 國立宜蘭...  
55                                                NaN  "
3,"1                        准考證號碼 姓 &nbsp名  \
3       10106113 考區 : 國立臺灣海洋大學      曾*琇   
4       10052616 考區 : 臺北市立內湖高中      周*勳   
5       10054818 考區 : 臺北市立內湖高中      蘇*琪   
6       10036509 考區 : 國立臺灣師範大學      鄧*鈞   
7       10170923 考區 : 臺中市立臺中一中      謝*鴻   
8       10117115 考區 : 桃園市立陽明高中      王*凱   
9       10087613 考區 : 新北市立新北高中      鄧*宏   
10        10109709 考區 : 國立基隆女中      許*傑   
11      10082337 考區 : 新北市立新莊高中      林*宇   
12      10116205 考區 : 桃園市立陽明高中      劉*陽   
13        10108636 考區 : 國立基隆女中      連*豪   
14        10320519 考區 : 國立花蓮高中      倪*臻   
15      10165906 考區 : 臺中市立臺中二中      江*瑾   
16      10083608 考區 : 新北市立新莊國中      NaN   
17   10122630 考區 : 國立北科大附屬桃園農工      王*鈞   
18      10060703 考區 : 新北市立新店高中      NaN   
19      10289607 考區 : 高雄市立高雄女中      張*然   
20      10010819 考區 : 臺北市立建國高中      NaN   
21        10306323 考區 : 國立屏東女中      吳*潮   
22        10226202 考區 : 國立虎尾高中      潘*榮   
23      10096805 考區 : 新北市立永平高中      何*蓁   
24        10274417 考區 : 國立鳳新高中      NaN   
25        10140405 考區 : 私立復旦高中      陳*仲   
26      10188627 考區 : 臺中市立清水高中      江*亭   
27      10090538 考區 : 新北市立新北高中      王*楹   
28      10097735 考區 : 新北市立永平高中      夏*詮   
29      10039213 考區 : 國立臺灣師範大學      王*毅   
30      10098329 考區 : 新北市立永平高中      吳*緯   
31      10098425 考區 : 新北市立永平高中      張*文   
32      10084510 考區 : 新北市立新莊國中      吳*恩   
33      10074828 考區 : 新北市立板橋高中      古*正   
34      10110722 考區 : 桃園市立武陵高中      許*銘   
35      10009433 考區 : 臺北市立建國高中      張*霖   
36      10105601 考區 : 國立臺灣海洋大學      簡*廷   
37      10120839 考區 : 桃園市立桃園高中      施*瑋   
38        10304506 考區 : 國立屏東大學      陳*偉   
39        10156937 考區 : 國立竹北高中      高*貞   
40      10006930 考區 : 臺北市立成功高中      林*葳   
41      10011023 考區 : 臺北市立建國高中      李*賢   
42      10020317 考區 : 臺北市立大安高工      NaN   
43      10030026 考區 : 臺北市立松山高中      NaN   
44      10037641 考區 : 國立臺灣師範大學      陳*揚   
45      10052604 考區 : 臺北市立內湖高中      黃*忱   
46      10084936 考區 : 新北市立新莊國中      NaN   
47     10098628  考區 : 新北市立永平高中      周*匡   
48      10098726 考區 : 新北市立永平高中      鄭*儒   
49  10127138 考區 : 國立中央大學附屬中壢高中      祝*龍   
50          10185622 考區 : 靜宜大學      陳*睿   
51      10198525 考區 : 臺中市立惠文高中      周*彣   
52        10203225 考區 : 國立中興高中      劉*逸   
53        10204935 考區 : 國立中興高中      張*鼎   
54      10206937 考區 : 國立彰化師範大學      鍾*煜   
55        10238729 考區 : 國立臺南一中      NaN   
56      10265329 考區 : 國立高雄師範大學      NaN   
57        10312329 考區 : 國立宜蘭大學      朱*享   
58        10316437 考區 : 私立海星高中      楊*董   
59        10316931 考區 : 私立海星高中      張*伯   
60        10317739 考區 : 私立海星高中      林*龍   
61                         NaN      NaN   

1                                    校系名稱 [隱藏 科技大學校系]  
3   國立宜蘭大學 土木工程學系 正1 元智大學 化學工程與材料科學學系 正5  國立臺北科技大學...  
4   國立宜蘭大學 土木工程學系 正2 國立暨南國際大學 土木工程學系 正2 國立嘉義大學 土木與...  
5   國立宜蘭大學 土木工程學系 正3 中原大學 土木工程學系 正1  國立臺北科技大學土木工程系...  
6                    國立宜蘭大學 土木工程學系 正4 中原大學 土木工程學系 正33  
7   國立宜蘭大學 土木工程學系 正5 中原大學 土木工程學系 正19 淡江大學 土木工程學系 正...  
8   國立宜蘭大學 土木工程學系 正6 國立臺灣海洋大學 河海工程學系 備3  國立宜蘭大學 電機...  
9   國立宜蘭大學 土木工程學系 正7 中原大學 土木工程學系 正35 中原大學 環境工程學系 正...  
10  國立宜蘭大學 土木工程學系 正8 國立臺灣海洋大學 河海工程學系 備21 國立臺中教育大學 ...  
11                   國立宜蘭大學 土木工程學系 正9 中原大學 土木工程學系 正11  
12  國立宜蘭大學 土木工程學系 正10 國立聯合大學 土木與防災工程學系 正17 國立聯合大學 ...  
13  國立宜蘭大學 土木工程學系 正11 逢甲大學 土木工程學系 備33  國立金門大學 建築學系...  
14  國立宜蘭大學 土木工程學系 正12 中原大學 土木工程學系 正58 淡江大學 土木工程學系 ...  
15  國立宜蘭大學 土木工程學系 正13 國立嘉義大學 土木與水資源工程學系 備30 國立高雄大學...  
16                 國立宜蘭大學 土木工程學系 正14 國立宜蘭大學 食品科學系 備25  
17  國立宜蘭大學 土木工程學系 原住民-正1 中華大學 土木工程學系 正19 玄奘大學 社會工作...  
18    國立宜蘭大學 土木工程學系 原住民-正2 淡江大學 土木工程學系 國立屏東大學 不動產經營學系  
19  國立宜蘭大學 土木工程學系 備1 國立嘉義大學 景觀學系 備32  國立高雄第一科技大學環境...  
20  國立宜蘭大學 土木工程學系 備2 國立臺灣海洋大學 河海工程學系 備11 國立臺灣海洋大學 ...  
21  國立宜蘭大學 土木工程學系 備3 國立東華大學 光電工程學系 正19 國立暨南國際大學 土木...  
22  國立宜蘭大學 土木工程學系 備4 中原大學 土木工程學系 正37 淡江大學 土木工程學系 正...  
23  國立宜蘭大學 土木工程學系 備5 中原大學 土木工程學系 靜宜大學 化粧品科學系 正34  ...  
24  國立宜蘭大學 土木工程學系 備6 國立臺灣海洋大學 海洋工程科技學士學位學程 備5  國立宜...  
25  國立宜蘭大學 土木工程學系 備7 國立臺灣海洋大學 河海工程學系 備38 元智大學 機械工程...  
26  國立宜蘭大學 土木工程學系 備8 中原大學 土木工程學系 正96 淡江大學 土木工程學系 備...  
27  國立宜蘭大學 土木工程學系 備9 國立臺灣海洋大學 海洋工程科技學士學位學程 正10 臺北市...  
28  國立宜蘭大學 土木工程學系 備10 中原大學 應用數學系 正12 中原大學 土木工程學系 正...  
29  國立宜蘭大學 土木工程學系 備11 東吳大學 會計學系 備5 淡江大學 土木工程學系 正51...  
30  國立宜蘭大學 土木工程學系 備12 國立臺灣海洋大學 河海工程學系 備15 國立臺南大學 綠...  
31  國立宜蘭大學 土木工程學系 備13 國立臺灣海洋大學 河海工程學系 備1 國立暨南國際大學 ...  
32  國立宜蘭大學 土木工程學系 備14 中原大學 電子工程學系 備76 國立臺灣海洋大學 海洋工...  
33  國立宜蘭大學 土木工程學系 備15 國立臺灣海洋大學 河海工程學系 備19 國立暨南國際大學...  
34  國立宜蘭大學 土木工程學系 備16 中原大學 化學工程學系生化工程組 正9 中原大學 土木工...  
35  國立宜蘭大學 土木工程學系 備17 中原大學 土木工程學系 備61 國立臺灣海洋大學 河海工...  
36  國立宜蘭大學 土木工程學系 備18 中原大學 物理學系光電與材料科學組 備3 淡江大學 物理...  
37  國立宜蘭大學 土木工程學系 備19 國立臺灣海洋大學 環境生物與漁業科學學系 備19 國立臺...  
38  國立宜蘭大學 土木工程學系 原住民-備1 逢甲大學 土木工程學系 原住民-備2 義守大學 土...  
39  國立宜蘭大學 土木工程學系 原住民-備2 淡江大學 土木工程學系 原住民-正2  逢甲大學 ...  
40  國立宜蘭大學 土木工程學系  中原大學 機械工程學系 淡江大學 土木工程學系 國立臺東大學 ...  
41  國立宜蘭大學 土木工程學系  國立東華大學 物理學系奈米與光電科學組 備8 國立屏東大學 應...  
42             國立宜蘭大學 土木工程學系  中原大學 機械工程學系 中原大學 電機工程學系  
43                         國立宜蘭大學 土木工程學系  中原大學 資訊工程學系  
44  國立宜蘭大學 土木工程學系  國立臺灣科技大學營建工程系 備12 國立臺北科技大學土木工程系 正取  
45  國立宜蘭大學 土木工程學系  輔仁大學 哲學系 國立東華大學 物理學系物理組 正18 國立東...  
46                       國立宜蘭大學 土木工程學系  國立宜蘭大學 電機工程學系  
47  國立宜蘭大學 土木工程學系  中原大學 土木工程學系 備38 臺北市立大學 地球環境暨生物資源學系  
48  國立宜蘭大學 土木工程學系  中原大學 土木工程學系 正46 淡江大學 土木工程學系 正10...  
49  國立宜蘭大學 土木工程學系  國立東華大學 光電工程學系 備20  國立宜蘭大學 電子工程學...  
50  國立宜蘭大學 土木工程學系  國立屏東大學 中國語文學系 國立屏東大學 社會發展學系 備23...  
51  國立宜蘭大學 土木工程學系  國立聯合大學 建築學系 正17 國立高雄應用科技大學電機工程系...  
52  國立宜蘭大學 土木工程學系  中原大學 土木工程學系 正25 逢甲大學 土木工程學系 正10...  
53  國立宜蘭大學 土木工程學系  國立東華大學 物理學系物理組 備14 國立東華大學 化學系 備...  
54  國立宜蘭大學 土木工程學系  逢甲大學 電機工程學系 國立臺灣海洋大學 商船學系 備44  ...  
55  國立宜蘭大學 土木工程學系  國立東華大學 光電工程學系  國立聯合大學 建築學系 國立聯合...  
56                    國立宜蘭大學 土木工程學系  東海大學 資訊工程學系資電工程組  
57  國立宜蘭大學 土木工程學系  佛光大學 文化資產與創意學系(文化創意組) 佛光大學 文化資產...  
58  國立宜蘭大學 土木工程學系  義守大學 休閒事業管理學系休閒產業經營組 真理大學 運動管理學...  
59  國立宜蘭大學 土木工程學系  國立東華大學 族群關係與文化學系 國立東華大學 民族語言與傳播...  
60  國立宜蘭大學 土木工程學系  義守大學 土木與生態工程學系 實踐大學 休閒產業管理學系遊憩運...  
61                                                NaN  "
4,"1                        准考證號碼 姓 &nbsp名  \
3         10311601 考區 : 國立宜蘭大學      藍*瑄   
4         10310506 考區 : 國立宜蘭大學      方*涵   
5       10142635 考區 : 新竹市立建功高中      NaN   
6         10248202 考區 : 國立臺南女中      李*峻   
7       10107525 考區 : 國立臺灣海洋大學      胡*彥   
8       10111237 考區 : 桃園市立武陵高中      鍾*文   
9       10079434 考區 : 新北市立新莊高中      NaN   
10      10034037 考區 : 臺北市立成淵高中      李*翰   
11      10098425 考區 : 新北市立永平高中      張*文   
12        10275937 考區 : 國立鳳新高中      許*雅   
13      10017342 考區 : 臺北市立大安高工      田*杰   
14      10269605 考區 : 高雄市立中正高中      陳*彰   
15      10113705 考區 : 桃園市立武陵高中      温*雯   
16      10045628 考區 : 臺北市立百齡高中      陳*鈞   
17      10167321 考區 : 臺中市立臺中二中      林*均   
18      10290542 考區 : 高雄市立高雄女中      林*正   
19      10034738 考區 : 臺北市立成淵高中      盧*名   
20      10077613 考區 : 新北市立板橋高中      吳*芳   
21        10274417 考區 : 國立鳳新高中      NaN   
22      10117617 考區 : 桃園市立陽明高中      鄭*昊   
23      10001941 考區 : 臺北市立大同高中      孫*翔   
24        10321318 考區 : 國立臺東女中      侯*璋   
25      10052406 考區 : 臺北市立內湖高中      NaN   
26        10158206 考區 : 國立苗栗高中      黃*瑋   
27      10039431 考區 : 國立臺灣師範大學      邱*瑋   
28      10031902 考區 : 臺北市立成淵高中      NaN   
29      10037613 考區 : 國立臺灣師範大學      何*霖   
30      10002625 考區 : 臺北市立大同高中      吳*勁   
31      10053801 考區 : 臺北市立內湖高中      薛*崴   
32        10067020 考區 : 國立華僑高中      NaN   
..                         ...      ...   
43      10029414 考區 : 臺北市立松山高中      劉*哲   
44      10006313 考區 : 臺北市立成功高中      陳*澄   
45        10156705 考區 : 國立竹北高中      黃*恩   
46      10110912 考區 : 桃園市立武陵高中      周*彬   
47      10001717 考區 : 臺北市立大同高中      詹*凱   
48      10052529 考區 : 臺北市立內湖高中      陳*安   
49      10105104 考區 : 國立臺灣海洋大學      張*言   
50      10114321 考區 : 桃園市立武陵高中      NaN   
51      10031340 考區 : 臺北市立成淵高中      黃*志   
52      10031742 考區 : 臺北市立成淵高中      NaN   
53      10080813 考區 : 新北市立新莊高中      柯*諺   
54      10198934 考區 : 臺中市立惠文高中      蔣*淵   
55      10004305 考區 : 臺北市立成功高中      沈*丞   
56      10006930 考區 : 臺北市立成功高中      林*葳   
57      10052830 考區 : 臺北市立內湖高中      梅*侑   
58      10070341 考區 : 新北市立新北高工      NaN   
59      10098525 考區 : 新北市立永平高中      NaN   
60      10104542 考區 : 新北市立錦和高中      NaN   
61      10106405 考區 : 國立臺灣海洋大學      葉*遠   
62      10116137 考區 : 桃園市立陽明高中      NaN   
63      10118908 考區 : 桃園市立桃園高中      蘇*廷   
64  10128515 考區 : 國立中央大學附屬中壢高中      賴*霖   
65      10166729 考區 : 臺中市立臺中二中      張*翔   
66      10167130 考區 : 臺中市立臺中二中      陳*甫   
67        10202922 考區 : 國立中興高中      NaN   
68        10244209 考區 : 國立臺南二中      劉*霖   
69        10313842 考區 : 國立宜蘭大學      NaN   
70        10314914 考區 : 國立宜蘭大學      吳*諶   
71        10318017 考區 : 私立海星高中      蘇*堯   
72                         NaN      NaN   

1                                    校系名稱 [隱藏 科技大學校系]  
3   國立宜蘭大學 機械與機電工程學系 正1 國立成功大學 機械工程學系 備3 國立成功大學 系統...  
4   國立宜蘭大學 機械與機電工程學系 正2 國立臺灣海洋大學 機械與機電工程學系 正31 國立臺...  
5   國立宜蘭大學 機械與機電工程學系 正3 國立臺灣海洋大學 運輸科學系B組 正20 國立臺灣海...  
6   國立宜蘭大學 機械與機電工程學系 正4 國立嘉義大學 土木與水資源工程學系 備20  國立宜...  
7   國立宜蘭大學 機械與機電工程學系 正5 國立臺灣海洋大學 河海工程學系 備37 國立臺中教育...  
8   國立宜蘭大學 機械與機電工程學系 正6 長庚大學 機械工程學系 備9 國立嘉義大學 機械與能...  
9                  國立宜蘭大學 機械與機電工程學系 正7 臺北市立大學 數學系 備11  
10  國立宜蘭大學 機械與機電工程學系 正8 淡江大學 機械與機電工程學系光機電整合組 正10 淡...  
11  國立宜蘭大學 機械與機電工程學系 正9 國立臺灣海洋大學 河海工程學系 備1 國立暨南國際大...  
12  國立宜蘭大學 機械與機電工程學系 正10 國立嘉義大學 電子物理學系 備9  國立宜蘭大學 ...  
13  國立宜蘭大學 機械與機電工程學系 正11 中原大學 電機資訊學院學士班 正17 元智大學 機...  
14       國立宜蘭大學 機械與機電工程學系 正12 淡江大學 機械與機電工程學系精密機械組 正17  
15  國立宜蘭大學 機械與機電工程學系 正13 國立臺灣海洋大學 系統工程暨造船學系 備9 國立暨...  
16  國立宜蘭大學 機械與機電工程學系 正14 東吳大學 企業管理學系 正112 中原大學 機械工...  
17  國立宜蘭大學 機械與機電工程學系 正15 國立臺灣海洋大學 河海工程學系 備59 國立嘉義大...  
18  國立宜蘭大學 機械與機電工程學系 正16 中原大學 機械工程學系 正112 國立東華大學 電...  
19  國立宜蘭大學 機械與機電工程學系 正17 國立東華大學 電機工程學系 備14 國立東華大學 ...  
20  國立宜蘭大學 機械與機電工程學系 正18 淡江大學 電機工程學系電機資訊組 正19 國立高雄...  
21  國立宜蘭大學 機械與機電工程學系 正19 國立臺灣海洋大學 海洋工程科技學士學位學程 備5 ...  
22  國立宜蘭大學 機械與機電工程學系 正20 國立臺灣海洋大學 海洋工程科技學士學位學程 正13...  
23  國立宜蘭大學 機械與機電工程學系 原住民-正1 國立中興大學 機械工程學系 原住民-備1 國...  
24  國立宜蘭大學 機械與機電工程學系 原住民-正2 國立臺灣海洋大學 機械與機電工程學系 原住民...  
25  國立宜蘭大學 機械與機電工程學系 備1 國立臺灣海洋大學 海洋生物科技學士學位學程 正6 國...  
26  國立宜蘭大學 機械與機電工程學系 備2 國立臺中教育大學 科學教育與應用學系 備40 國立屏...  
27  國立宜蘭大學 機械與機電工程學系 備3 國立東華大學 物理學系奈米與光電科學組 備2  國立...  
28             國立宜蘭大學 機械與機電工程學系 備4 國立宜蘭大學 化學工程與材料工程學系  
29  國立宜蘭大學 機械與機電工程學系 備5 國立東華大學 電機工程學系 備24  國立宜蘭大學 ...  
30  國立宜蘭大學 機械與機電工程學系 備6 長庚大學 機械工程學系 備3  國立嘉義大學 機械與...  
31  國立宜蘭大學 機械與機電工程學系 備7 國立嘉義大學 生物機電工程學系 備11 國立高雄大學...  
32  國立宜蘭大學 機械與機電工程學系 備8 國立臺北教育大學 數學暨資訊教育學系資訊組 備7 臺...  
..                                                ...  
43  國立宜蘭大學 機械與機電工程學系 備19 國立彰化師範大學 物理學系物理組 臺北市立大學 資...  
44  國立宜蘭大學 機械與機電工程學系 備20 國立臺灣海洋大學 河海工程學系 備18 國立臺灣海...  
45  國立宜蘭大學 機械與機電工程學系 備21 中原大學 機械工程學系 備81 逢甲大學 機械與電...  
46  國立宜蘭大學 機械與機電工程學系 備22 中原大學 機械工程學系 備56 大同大學 機械工程...  
47  國立宜蘭大學 機械與機電工程學系 備23 淡江大學 資訊管理學系 正57 國立東華大學 材料...  
48  國立宜蘭大學 機械與機電工程學系 備24 中原大學 機械工程學系 正103 淡江大學 土木工...  
49  國立宜蘭大學 機械與機電工程學系 備25 中原大學 機械工程學系 備153 元智大學 機械工程學系  
50  國立宜蘭大學 機械與機電工程學系 備26 國立宜蘭大學 化學工程與材料工程學系 備22 國立...  
51  國立宜蘭大學 機械與機電工程學系 備27 中原大學 機械工程學系 備22 淡江大學 機械與機...  
52  國立宜蘭大學 機械與機電工程學系 備28 大同大學 機械工程學系精密機械組 國立臺灣海洋大學...  
53  國立宜蘭大學 機械與機電工程學系 備29 大同大學 機械工程學系電子機械組 正12 國立臺灣...  
54  國立宜蘭大學 機械與機電工程學系 備30 逢甲大學 機械與電腦輔助工程學系 正61 逢甲大學...  
55  國立宜蘭大學 機械與機電工程學系  中原大學 土木工程學系 中原大學 環境工程學系 中原大學...  
56  國立宜蘭大學 機械與機電工程學系  中原大學 機械工程學系 淡江大學 土木工程學系 國立臺東...  
57  國立宜蘭大學 機械與機電工程學系  國立嘉義大學 生物機電工程學系 備18  國立宜蘭大學 ...  
58  國立宜蘭大學 機械與機電工程學系  中原大學 機械工程學系 淡江大學 機械與機電工程學系光機...  
59                    國立宜蘭大學 機械與機電工程學系  國立東華大學 資訊管理學系  
60                國立宜蘭大學 機械與機電工程學系  國立宜蘭大學 生物技術與動物科學系  
61  國立宜蘭大學 機械與機電工程學系  輔仁大學 化學系 正60 國立臺灣海洋大學 水產養殖學系...  
62  國立宜蘭大學 機械與機電工程學系  國立宜蘭大學 化學工程與材料工程學系 國立宜蘭大學 電機...  
63  國立宜蘭大學 機械與機電工程學系  中原大學 機械工程學系 正113 中原大學 電子工程學系...  
64  國立宜蘭大學 機械與機電工程學系  國立東華大學 電機工程學系 國立暨南國際大學 電機工程學...  
65  國立宜蘭大學 機械與機電工程學系  國立宜蘭大學 電機工程學系 國立聯合大學 機械工程學系 ...  
66  國立宜蘭大學 機械與機電工程學系  逢甲大學 機械與電腦輔助工程學系 正88 逢甲大學 工業...  
67  國立宜蘭大學 機械與機電工程學系  逢甲大學 電機工程學系 逢甲大學 財務金融學系  國立宜...  
68  國立宜蘭大學 機械與機電工程學系  國立東華大學 電機工程學系 備20 國立嘉義大學 電子物...  
69                    國立宜蘭大學 機械與機電工程學系  國立宜蘭大學 電子工程學系  
70  國立宜蘭大學 機械與機電工程學系  中山醫學大學 視光學系 正24 長庚大學 工業設計學系 ...  
71  國立宜蘭大學 機械與機電工程學系  中原大學 機械工程學系 國立東華大學 電機工程學系 中華...  
72                                                NaN  

[70 rows x 3 columns]"
5,"1                         准考證號碼 姓 &nbsp名  \
3        10010903 考區 : 臺北市立建國高中      王*翔   
4          10205211 考區 : 國立中興高中      王*甫   
5          10312303 考區 : 國立宜蘭大學      柯*君   
6          10312130 考區 : 國立宜蘭大學      簡*婷   
7          10155401 考區 : 國立竹北高中      NaN   
8        10142635 考區 : 新竹市立建功高中      NaN   
9        10025721 考區 : 國立臺灣師大附中      朱*廷   
10       10019836 考區 : 臺北市立大安高工      呂*修   
11       10060204 考區 : 新北市立新店高中      謝*笙   
12       10043735 考區 : 臺北市立百齡高中      陳*瑄   
13       10097042 考區 : 新北市立永平高中      陳*如   
14       10115225 考區 : 桃園市立陽明高中      游*哲   
15       10063237 考區 : 新北市立新店高中      楊*勳   
16       10082229 考區 : 新北市立新莊高中      李*真   
17       10036841 考區 : 國立臺灣師範大學      戴*呈   
18       10048206 考區 : 臺北市立中正高中      葉*錞   
19       10045205 考區 : 臺北市立百齡高中      李*哲   
20       10143101 考區 : 新竹市立建功高中      NaN   
21         10232019 考區 : 國立嘉義高中      黃*溥   
22         10237614 考區 : 國立嘉義女中      呂*翰   
23       10038517 考區 : 國立臺灣師範大學      NaN   
24       10090138 考區 : 新北市立新北高中      鐘*聲   
25           10186229 考區 : 靜宜大學      NaN   
26       10284816 考區 : 高雄市立高雄高中      洪*哲   
27       10289407 考區 : 高雄市立高雄女中      王*翔   
28       10071923 考區 : 新北市立新北高工      許*承   
29       10295839 考區 : 高雄市立中山高中      林*伶   
30       10079601 考區 : 新北市立新莊高中      林*杰   
31   10128405 考區 : 國立中央大學附屬中壢高中      謝*傑   
32       10010819 考區 : 臺北市立建國高中      NaN   
..                          ...      ...   
88       10029716 考區 : 臺北市立松山高中      凃*耀   
89       10011133 考區 : 臺北市立建國高中      NaN   
90       10029242 考區 : 臺北市立松山高中      NaN   
91       10031902 考區 : 臺北市立成淵高中      NaN   
92       10050842 考區 : 臺北市立中正高中      NaN   
93       10052902 考區 : 臺北市立內湖高中      王*德   
94       10081001 考區 : 新北市立新莊高中      姜*文   
95       10083636 考區 : 新北市立新莊國中      NaN   
96       10097115 考區 : 新北市立永平高中      NaN   
97       10116137 考區 : 桃園市立陽明高中      NaN   
98       10119629 考區 : 桃園市立桃園高中      NaN   
99   10128938 考區 : 國立中央大學附屬中壢高中      NaN   
100  10129204 考區 : 國立中央大學附屬中壢高中      徐*涵   
101        10139104 考區 : 私立復旦高中      班*晟   
102      10167130 考區 : 臺中市立臺中二中      陳*甫   
103      10168839 考區 : 臺中市立臺中二中      康*豪   
104      10177628 考區 : 國立中興大學附中      洪*翔   
105        10180205 考區 : 私立明德高中      陳*翔   
106          10184737 考區 : 靜宜大學      張*寬   
107      10206910 考區 : 國立彰化師範大學      曾*芳   
108        10217009 考區 : 國立員林高中      張*菘   
109        10225512 考區 : 國立虎尾高中      NaN   
110        10234937 考區 : 國立嘉義女中      NaN   
111        10248710 考區 : 國立臺南女中      謝*程   
112        10264214 考區 : 國立新營高中      白*羽   
113      10271306 考區 : 高雄市立中正高中      NaN   
114        10301539 考區 : 國立屏東大學      NaN   
115        10316905 考區 : 私立海星高中      陳*軒   
116        10320631 考區 : 國立臺東女中      NaN   
117                         NaN      NaN   

1                                     校系名稱 [隱藏 科技大學校系]  
3    國立宜蘭大學 化學工程與材料工程學系 正1 國立中山大學 資訊管理學系 備21 國立中正大學...  
4    國立宜蘭大學 化學工程與材料工程學系 正2 國立臺灣師範大學 化學系 備2 國立彰化師範大學...  
5    國立宜蘭大學 化學工程與材料工程學系 正3 國立東華大學 材料科學與工程學系 正2  國立宜...  
6    國立宜蘭大學 化學工程與材料工程學系 正4 逢甲大學 材料科學與工程學系 正1 國立東華大學...  
7                                國立宜蘭大學 化學工程與材料工程學系 正5  
8    國立宜蘭大學 化學工程與材料工程學系 正6 國立臺灣海洋大學 運輸科學系B組 正20 國立臺...  
9       國立宜蘭大學 化學工程與材料工程學系 正7 中國醫藥大學 生物醫學影像暨放射科學學系 備54  
10   國立宜蘭大學 化學工程與材料工程學系 正8 國立臺南大學 數位學習科技學系 正4 國立暨南國...  
11   國立宜蘭大學 化學工程與材料工程學系 正9 中原大學 化學工程學系材料工程組 備30 長庚大...  
12   國立宜蘭大學 化學工程與材料工程學系 正10 國立臺灣海洋大學 河海工程學系 正25 長庚大...  
13   國立宜蘭大學 化學工程與材料工程學系 正11 淡江大學 化學工程與材料工程學系 正23 大同...  
14   國立宜蘭大學 化學工程與材料工程學系 正12 中山醫學大學 視光學系  國立雲林科技大學工程...  
15   國立宜蘭大學 化學工程與材料工程學系 正13 國立臺灣師範大學 地理學系 國立臺灣海洋大學 ...  
16   國立宜蘭大學 化學工程與材料工程學系 正14 中原大學 化學系化學組 正5 中原大學 化學系...  
17   國立宜蘭大學 化學工程與材料工程學系 正15 國立臺灣海洋大學 生命科學暨生物科技學系 備1...  
18   國立宜蘭大學 化學工程與材料工程學系 正16 淡江大學 財務金融學系 備72 長庚大學 化工...  
19   國立宜蘭大學 化學工程與材料工程學系 正17 中原大學 化學工程學系材料工程組 備34 中原...  
20   國立宜蘭大學 化學工程與材料工程學系 正18 國立高雄師範大學 物理學系  國立宜蘭大學 電...  
21   國立宜蘭大學 化學工程與材料工程學系 正19 國立臺灣海洋大學 河海工程學系 備12 國立東...  
22   國立宜蘭大學 化學工程與材料工程學系 正20 淡江大學 化學工程與材料工程學系 正13 逢甲...  
23   國立宜蘭大學 化學工程與材料工程學系 正21 國立成功大學 成星招生戊組(生醫)  國立宜蘭...  
24   國立宜蘭大學 化學工程與材料工程學系 正22 中原大學 化學工程學系生化工程組 正8 中原大...  
25           國立宜蘭大學 化學工程與材料工程學系 正23 國立聯合大學 材料科學工程學系 正7  
26   國立宜蘭大學 化學工程與材料工程學系 正24 國立東華大學 資訊工程學系學士班資工組 備31...  
27   國立宜蘭大學 化學工程與材料工程學系 正25 國立東華大學 生命科學系 備1  國立宜蘭大學...  
28   國立宜蘭大學 化學工程與材料工程學系 正26 國立高雄師範大學 工業設計學系 備22 國立東...  
29              國立宜蘭大學 化學工程與材料工程學系 正27 國立屏東大學 應用化學系 正9  
30   國立宜蘭大學 化學工程與材料工程學系 正28 國立東華大學 材料科學與工程學系 正12  明...  
31   國立宜蘭大學 化學工程與材料工程學系 正29 國立臺灣海洋大學 通訊與導航工程學系 備20 ...  
32   國立宜蘭大學 化學工程與材料工程學系 正30 國立臺灣海洋大學 河海工程學系 備11 國立臺...  
..                                                 ...  
88   國立宜蘭大學 化學工程與材料工程學系 備52 中原大學 化學工程學系生化工程組 備24  國...  
89                     國立宜蘭大學 化學工程與材料工程學系  中原大學 電子工程學系  
90                                  國立宜蘭大學 化學工程與材料工程學系  
91             國立宜蘭大學 化學工程與材料工程學系  國立宜蘭大學 機械與機電工程學系 備4  
92            國立宜蘭大學 化學工程與材料工程學系  臺北市立大學 應用物理暨化學系應用化學組  
93   國立宜蘭大學 化學工程與材料工程學系  淡江大學 化學學系材料化學組 長庚大學 電子工程學系...  
94   國立宜蘭大學 化學工程與材料工程學系  中原大學 土木工程學系 備42 元智大學 化學工程與...  
95                    國立宜蘭大學 化學工程與材料工程學系  國立高雄大學 應用數學系  
96                   國立宜蘭大學 化學工程與材料工程學系  國立宜蘭大學 電子工程學系  
97   國立宜蘭大學 化學工程與材料工程學系  國立宜蘭大學 機械與機電工程學系  國立宜蘭大學 電...  
98                                  國立宜蘭大學 化學工程與材料工程學系  
99   國立宜蘭大學 化學工程與材料工程學系  中原大學 化學工程學系材料工程組 中原大學 機械工程...  
100  國立宜蘭大學 化學工程與材料工程學系  東吳大學 化學系 備8 淡江大學 化學學系化學與生物...  
101  國立宜蘭大學 化學工程與材料工程學系  中原大學 化學工程學系生化工程組 備31 東海大學 ...  
102  國立宜蘭大學 化學工程與材料工程學系  逢甲大學 機械與電腦輔助工程學系 正88 逢甲大學 ...  
103  國立宜蘭大學 化學工程與材料工程學系  東海大學 會計學系 備110 淡江大學 會計學系 備...  
104                  國立宜蘭大學 化學工程與材料工程學系  國立臺北護理健康大學護理系  
105  國立宜蘭大學 化學工程與材料工程學系  國立臺灣海洋大學 海洋生物科技學士學位學程 正11 ...  
106  國立宜蘭大學 化學工程與材料工程學系  國立高雄師範大學 物理學系 國立臺南大學 綠色能源科...  
107  國立宜蘭大學 化學工程與材料工程學系  國立彰化師範大學 化學系 備11  國立暨南國際大學...  
108  國立宜蘭大學 化學工程與材料工程學系  國立臺南大學 生物科技學系 國立屏東大學 應用化學系...  
109    國立宜蘭大學 化學工程與材料工程學系  國立宜蘭大學 電機工程學系 國立聯合大學 機械工程學系  
110  國立宜蘭大學 化學工程與材料工程學系  國立東華大學 生命科學系 國立屏東大學 資訊管理學系...  
111  國立宜蘭大學 化學工程與材料工程學系  中原大學 化學工程學系材料工程組 國立東華大學 電機...  
112  國立宜蘭大學 化學工程與材料工程學系  中原大學 化學工程學系綠能製程組 備41 東海大學 ...  
113  國立宜蘭大學 化學工程與材料工程學系  東吳大學 政治學系 長庚大學 電機工程學系通訊組 元...  
114  國立宜蘭大學 化學工程與材料工程學系  國立中興大學 化學工程學系 逢甲大學 化學工程學系 ...  
115  國立宜蘭大學 化學工程與材料工程學系  中原大學 化學工程學系材料工程組 正12 國立高雄師...  
116  國立宜蘭大學 化學工程與材料工程學系  淡江大學 化學工程與材料工程學系 逢甲大學 化學工程...  
117                                                NaN  

[115 rows x 3 columns]"
6,"1                        准考證號碼 姓 &nbsp名  \
3       10079424 考區 : 新北市立新莊高中      張*瑄   
4         10312303 考區 : 國立宜蘭大學      柯*君   
5       10200413 考區 : 臺中市立惠文高中      張*薇   
6         10134133 考區 : 私立育達高中      羅*宜   
7         10308516 考區 : 國立屏東女中      林*聖   
8       10032218 考區 : 臺北市立成淵高中      王*逸   
9       10143910 考區 : 新竹市立建功高中      翁*玟   
10      10033242 考區 : 臺北市立成淵高中      陳*卉   
11      10298417 考區 : 高雄市立左營高中      謝*靜   
12      10135028 考區 : 桃園市立平鎮高中      游*瑋   
13        10311439 考區 : 國立宜蘭大學      吳*頡   
14      10053342 考區 : 臺北市立內湖高中      NaN   
15      10269518 考區 : 高雄市立中正高中      何*育   
16      10099740 考區 : 新北市立永平高中      林*宇   
17        10215827 考區 : 國立員林高中      梁*潁   
18      10170923 考區 : 臺中市立臺中一中      謝*鴻   
19      10080328 考區 : 新北市立新莊高中      高*雯   
20        10156503 考區 : 國立竹北高中      蔡*汶   
21  10129519 考區 : 國立中央大學附屬中壢高中      許*閔   
22      10048806 考區 : 臺北市立中正高中      陳*宏   
23        10315605 考區 : 國立宜蘭大學      郭*華   
24        10155335 考區 : 國立竹北高中      黃*諺   
25      10049002 考區 : 臺北市立中正高中      呂*行   
26      10079036 考區 : 新北市立新莊高中      劉*君   
27      10057230 考區 : 臺北市立景美女中      NaN   
28        10138525 考區 : 私立復旦高中      蘇*筠   
29      10082025 考區 : 新北市立新莊高中      羅*銘   
30        10246806 考區 : 國立臺南女中      梁*哲   
31      10033330 考區 : 臺北市立成淵高中      NaN   
32        10234417 考區 : 國立嘉義女中      蔡*廷   
33        10110224 考區 : 國立基隆女中      張*晴   
34    10214730 考區 : 國立彰化師大附屬高工      NaN   
35      10084708 考區 : 新北市立新莊國中      巫*霆   
36      10034214 考區 : 臺北市立成淵高中      闕*翰   
37        10139102 考區 : 私立復旦高中      NaN   
38      10034813 考區 : 臺北市立成淵高中      謝*皓   
39        10068540 考區 : 國立華僑高中      NaN   
40      10074828 考區 : 新北市立板橋高中      古*正   
41      10107015 考區 : 國立臺灣海洋大學      劉*佑   
42        10109405 考區 : 國立基隆女中      NaN   
43        10110008 考區 : 國立基隆女中      NaN   
44      10114520 考區 : 桃園市立武陵高中      NaN   
45      10116708 考區 : 桃園市立陽明高中      周*綸   
46  10129935 考區 : 國立中央大學附屬中壢高中      NaN   
47      10164810 考區 : 臺中市立文華高中      李*皓   
48      10165331 考區 : 臺中市立臺中二中      陳*豪   
49      10176105 考區 : 國立中興大學附中      劉*媜   
50          10185627 考區 : 靜宜大學      NaN   
51       10203214  考區 : 國立中興高中      NaN   
52        10231631 考區 : 國立嘉義高中      謝*玶   
53        10236334 考區 : 國立嘉義女中      NaN   
54        10237118 考區 : 國立嘉義女中      林*偉   
55      10288633 考區 : 高雄市立高雄女中      廖*福   
56        10321401 考區 : 國立臺東女中      彭*萱   
57                         NaN      NaN   

1                                    校系名稱 [隱藏 科技大學校系]  
3   國立宜蘭大學 環境工程學系 正1 國立中興大學 森林學系木材科學組 備2 長庚大學 工業設計...  
4   國立宜蘭大學 環境工程學系 正2 國立東華大學 材料科學與工程學系 正2 國立宜蘭大學 化學...  
5   國立宜蘭大學 環境工程學系 正3 國立臺灣海洋大學 海洋環境資訊系 正6 國立臺南大學 綠色...  
6   國立宜蘭大學 環境工程學系 正4 中國醫藥大學 藥用化妝品學系 正13 淡江大學 水資源及環...  
7   國立宜蘭大學 環境工程學系 正5 中原大學 環境工程學系 備13 東海大學 環境科學與工程學...  
8   國立宜蘭大學 環境工程學系 正6 國立中山大學 海洋科學系 備23 臺北市立大學 地球環境暨...  
9   國立宜蘭大學 環境工程學系 正7 中原大學 環境工程學系 正2 東海大學 環境科學與工程學系...  
10  國立宜蘭大學 環境工程學系 正8 中原大學 環境工程學系 正20 淡江大學 水資源及環境工程...  
11  國立宜蘭大學 環境工程學系 正9 中原大學 化學工程學系綠能製程組 備9 國立屏東大學 應用...  
12  國立宜蘭大學 環境工程學系 正10 中原大學 環境工程學系 正27 中原大學 電子工程學系 ...  
13  國立宜蘭大學 環境工程學系 正11 長庚大學 化工與材料工程學系 備20  國立雲林科技大學...  
14                                  國立宜蘭大學 環境工程學系 正12  
15  國立宜蘭大學 環境工程學系 正13 國立東華大學 自然資源與環境學系 正18 國立嘉義大學 ...  
16  國立宜蘭大學 環境工程學系 正14 淡江大學 航空太空工程學系 正52 國立嘉義大學 森林暨...  
17                國立宜蘭大學 環境工程學系 正15 國立嘉義大學 應用歷史學系 備11  
18  國立宜蘭大學 環境工程學系 正16 中原大學 土木工程學系 正19 淡江大學 土木工程學系 ...  
19  國立宜蘭大學 環境工程學系 原住民-正1 淡江大學 水資源及環境工程學系水資源工程組 原住民...  
20  國立宜蘭大學 環境工程學系 備1 中原大學 環境工程學系 正5 淡江大學 水資源及環境工程學...  
21  國立宜蘭大學 環境工程學系 備2 中原大學 生物醫學工程學系 備36 亞洲大學 職能治療學系...  
22  國立宜蘭大學 環境工程學系 備3 淡江大學 土木工程學系 正71 長庚大學 機械工程學系 備...  
23  國立宜蘭大學 環境工程學系 備4 國立東華大學 自然資源與環境學系 備36  國立宜蘭大學 ...  
24  國立宜蘭大學 環境工程學系 備5 中原大學 環境工程學系 正10 東海大學 環境科學與工程學...  
25  國立宜蘭大學 環境工程學系 備6 國立東華大學 物理學系奈米與光電科學組 備7 國立東華大學...  
26  國立宜蘭大學 環境工程學系 備7 中原大學 機械工程學系 正111 淡江大學 化學學系材料化...  
27    國立宜蘭大學 環境工程學系 備8 輔仁大學 化學系  國立臺灣海洋大學 海洋環境資訊系 備32  
28  國立宜蘭大學 環境工程學系 備9 中原大學 景觀學系 正23 東海大學 畜產與生物科技學系 ...  
29  國立宜蘭大學 環境工程學系 備10 中原大學 景觀學系 備27 國立暨南國際大學 土木工程學...  
30  國立宜蘭大學 環境工程學系 備11 中國文化大學 法律學系法學組 中國文化大學 法律學系財經...  
31                                  國立宜蘭大學 環境工程學系 備12  
32  國立宜蘭大學 環境工程學系 備13 中原大學 環境工程學系 備2 東海大學 環境科學與工程學...  
33  國立宜蘭大學 環境工程學系 備14 中原大學 環境工程學系 備28 淡江大學 資訊與圖書館學...  
34  國立宜蘭大學 環境工程學系 備15 國立宜蘭大學 電子工程學系 正29 國立聯合大學 電機工...  
35  國立宜蘭大學 環境工程學系 備16 中原大學 環境工程學系 淡江大學 水資源及環境工程學系環...  
36  國立宜蘭大學 環境工程學系 備17 大同大學 化學工程學系 正21 大同大學 材料工程學系 正11  
37  國立宜蘭大學 環境工程學系 原住民-備1 逢甲大學 經濟學系 原住民-正1 銘傳大學 財務金...  
38  國立宜蘭大學 環境工程學系  輔仁大學 化學系 正55 國立東華大學 化學系 正22 實踐大...  
39   國立宜蘭大學 環境工程學系  國立宜蘭大學 生物機電工程學系 國立宜蘭大學 電子工程學系 備53  
40  國立宜蘭大學 環境工程學系  國立臺灣海洋大學 河海工程學系 備19 國立暨南國際大學 土木...  
41  國立宜蘭大學 環境工程學系  國立臺北教育大學 自然科學教育學系 國立嘉義大學 生物機電工程...  
42                                      國立宜蘭大學 環境工程學系  
43                       國立宜蘭大學 環境工程學系  國立宜蘭大學 電機工程學系  
44                     國立宜蘭大學 環境工程學系  國立臺灣海洋大學 河海工程學系  
45  國立宜蘭大學 環境工程學系  元智大學 化學工程與材料科學學系 備59 亞洲大學 食品營養與...  
46  國立宜蘭大學 環境工程學系  中原大學 化學工程學系綠能製程組 中原大學 生物醫學工程學系 ...  
47  國立宜蘭大學 環境工程學系  國立臺灣海洋大學 環境生物與漁業科學學系 備18 國立嘉義大學...  
48  國立宜蘭大學 環境工程學系  中原大學 環境工程學系 東海大學 環境科學與工程學系 正4 逢...  
49  國立宜蘭大學 環境工程學系  國立臺灣海洋大學 商船學系 備40 國立臺灣海洋大學 海洋環境...  
50                    國立宜蘭大學 環境工程學系  國立宜蘭大學 森林暨自然資源學系  
51                                      國立宜蘭大學 環境工程學系  
52  國立宜蘭大學 環境工程學系  逢甲大學 化學工程學系 逢甲大學 行銷學系 正40 銘傳大學 ...  
53   國立宜蘭大學 環境工程學系  國立金門大學 國際暨大陸事務學系 國立金門大學 海洋與邊境管理學系  
54  國立宜蘭大學 環境工程學系  國立嘉義大學 木質材料與設計學系 正12 國立高雄大學 應用物...  
55  國立宜蘭大學 環境工程學系  國立高雄師範大學 電子工程學系 備30 國立臺中教育大學 資訊...  
56  國立宜蘭大學 環境工程學系  中國文化大學 地理學系 中國文化大學 地質學系 國立臺東大學 ...  
57                                                NaN  "
7,"1                        准考證號碼 姓 &nbsp名  \
3       10268103 考區 : 國立高雄師大附中      林*彥   
4       10086323 考區 : 新北市立新莊國中      陳*諭   
5       10031823 考區 : 臺北市立成淵高中      曾*傑   
6         10272335 考區 : 國立鳳新高中      王*婷   
7       10107015 考區 : 國立臺灣海洋大學      劉*佑   
8       10267823 考區 : 國立高雄師大附中      李*綸   
9       10057140 考區 : 臺北市立景美女中      黃*榕   
10      10057423 考區 : 臺北市立景美女中      NaN   
11      10052830 考區 : 臺北市立內湖高中      梅*侑   
12        10151024 考區 : 國立新竹女中      杜*錡   
13      10069107 考區 : 新北市立新北高工      NaN   
14      10034713 考區 : 臺北市立成淵高中      王*雯   
15  10127720 考區 : 國立中央大學附屬中壢高中      施*濬   
16      10084736 考區 : 新北市立新莊國中      余*靜   
17      10270204 考區 : 高雄市立中正高中      吳*璘   
18        10315605 考區 : 國立宜蘭大學      郭*華   
19        10158430 考區 : 國立苗栗高中      林*潔   
20      10142540 考區 : 新竹市立建功高中      鄭*呈   
21      10055037 考區 : 臺北市立內湖高中      NaN   
22      10196626 考區 : 臺中市立臺中女中      NaN   
23      10075823 考區 : 新北市立板橋高中      宋*安   
24      10084008 考區 : 新北市立新莊國中      黃*維   
25      10024807 考區 : 國立臺灣師大附中      黃*娟   
26      10062503 考區 : 新北市立新店高中      陳*恩   
27        10155103 考區 : 國立竹北高中      NaN   
28        10202418 考區 : 國立中興高中      黃*宇   
29      10062303 考區 : 新北市立新店高中      江*賢   
30      10084510 考區 : 新北市立新莊國中      吳*恩   
31      10093312 考區 : 新北市立三民高中      黃*郁   
32      10267106 考區 : 國立高雄師大附中      劉*毅   
..                         ...      ...   
53        10146620 考區 : 國立新竹高中      NaN   
54        10152038 考區 : 國立新竹女中      羅*平   
55        10234406 考區 : 國立嘉義女中      黃*良   
56        10066325 考區 : 國立華僑高中      徐*妮   
57   10124110 考區 : 國立北科大附屬桃園農工      鄭*隆   
58      10117433 考區 : 桃園市立陽明高中      胡*萱   
59      10084434 考區 : 新北市立新莊國中      魏*樺   
60        10258307 考區 : 私立長榮高中      許*銘   
61      10087219 考區 : 新北市立新莊國中      NaN   
62        10138823 考區 : 私立復旦高中      林*軒   
63        10067439 考區 : 國立華僑高中      吳*明   
64      10031317 考區 : 臺北市立成淵高中      陳*揚   
65      10031438 考區 : 臺北市立成淵高中      NaN   
66      10032115 考區 : 臺北市立成淵高中      李*逸   
67      10032306 考區 : 臺北市立成淵高中      張*方   
68      10034337 考區 : 臺北市立成淵高中      鍾*恩   
69      10063909 考區 : 新北市立新店高中      陳*駒   
70        10068540 考區 : 國立華僑高中      NaN   
71      10076829 考區 : 新北市立板橋高中      NaN   
72      10082219 考區 : 新北市立新莊高中      NaN   
73      10086838 考區 : 新北市立新莊國中      NaN   
74      10112507 考區 : 桃園市立武陵高中      NaN   
75  10128018 考區 : 國立中央大學附屬中壢高中      NaN   
76  10129602 考區 : 國立中央大學附屬中壢高中      NaN   
77  10129935 考區 : 國立中央大學附屬中壢高中      NaN   
78        10155021 考區 : 國立竹北高中      蔡*威   
79      10164039 考區 : 臺中市立文華高中      陳*中   
80      10268511 考區 : 國立高雄師大附中      NaN   
81        10306338 考區 : 國立屏東女中      林*逸   
82                         NaN      NaN   

1                                    校系名稱 [隱藏 科技大學校系]  
3                 國立宜蘭大學 生物機電工程學系 正1 國立屏東科技大學生物科技系 正取  
4               國立宜蘭大學 生物機電工程學系 正2 國立暨南國際大學 資訊工程學系 備1  
5   國立宜蘭大學 生物機電工程學系 正3 中原大學 生物醫學工程學系 正32 輔仁大學 醫學資訊...  
6   國立宜蘭大學 生物機電工程學系 正4 東吳大學 資訊管理學系 正58 淡江大學 資訊管理學系...  
7   國立宜蘭大學 生物機電工程學系 正5 國立臺北教育大學 自然科學教育學系 國立嘉義大學 生物...  
8   國立宜蘭大學 生物機電工程學系 正6 國立屏東大學 電腦與智慧型機器人學士學位學程 備19 ...  
9   國立宜蘭大學 生物機電工程學系 正7 中原大學 生物科技學系 正25 國立嘉義大學 水生生物...  
10                                 國立宜蘭大學 生物機電工程學系 正8  
11  國立宜蘭大學 生物機電工程學系 正9 國立嘉義大學 生物機電工程學系 備18 國立宜蘭大學 ...  
12  國立宜蘭大學 生物機電工程學系 正10 國立中興大學 歷史學系 備39 國立清華大學 環境與...  
13  國立宜蘭大學 生物機電工程學系 正11 東吳大學 物理學系 淡江大學 物理學系應用物理組 輔...  
14  國立宜蘭大學 生物機電工程學系 正12 國立臺灣海洋大學 海洋環境資訊系 備8 國立嘉義大學...  
15  國立宜蘭大學 生物機電工程學系 正13 中原大學 生物科技學系 正23 銘傳大學 生物科技學...  
16  國立宜蘭大學 生物機電工程學系 正14 高雄醫學大學 公共衛生學系 備14 中國醫藥大學 公...  
17  國立宜蘭大學 生物機電工程學系 正15 國立嘉義大學 生物機電工程學系 正10  國立宜蘭大...  
18  國立宜蘭大學 生物機電工程學系 正16 國立東華大學 自然資源與環境學系 備36 國立宜蘭大...  
19              國立宜蘭大學 生物機電工程學系 正17 中原大學 生物醫學工程學系 正43  
20  國立宜蘭大學 生物機電工程學系 正18 國立屏東大學 電腦與智慧型機器人學士學位學程 備14...  
21  國立宜蘭大學 生物機電工程學系 正19 東吳大學 財務工程與精算數學系 正73 東吳大學 資...  
22                                國立宜蘭大學 生物機電工程學系 正20  
23  國立宜蘭大學 生物機電工程學系 原住民-正1 淡江大學 經濟學系 輔仁大學 生命科學系 淡江...  
24  國立宜蘭大學 生物機電工程學系 備1 淡江大學 機械與機電工程學系精密機械組 元智大學 機械...  
25  國立宜蘭大學 生物機電工程學系 備2 中原大學 機械工程學系 正99  國立宜蘭大學 電子工...  
26  國立宜蘭大學 生物機電工程學系 備3 國立宜蘭大學 生物技術與動物科學系 備37 國立宜蘭大...  
27  國立宜蘭大學 生物機電工程學系 備4 國立臺灣海洋大學 運輸科學系A組 備19  國立宜蘭大...  
28  國立宜蘭大學 生物機電工程學系 備5 中原大學 生物醫學工程學系 備14 東海大學 財務金融...  
29  國立宜蘭大學 生物機電工程學系 備6 國立臺灣海洋大學 海洋生物科技學士學位學程 備13 國...  
30  國立宜蘭大學 生物機電工程學系 備7 中原大學 電子工程學系 備76 國立臺灣海洋大學 海洋...  
31  國立宜蘭大學 生物機電工程學系 備8 淡江大學 電機工程學系電機資訊組 正33 輔仁大學 兒...  
32  國立宜蘭大學 生物機電工程學系 備9 國立聯合大學 電機工程學系 正27 國立高雄海洋科技大...  
..                                                ...  
53               國立宜蘭大學 生物機電工程學系 備30 國立聯合大學 能源工程學系 正5  
54  國立宜蘭大學 生物機電工程學系 備31 中國醫藥大學 公共衛生學院大一不分系 正99  嘉南...  
55  國立宜蘭大學 生物機電工程學系 備32 國立宜蘭大學 森林暨自然資源學系 備12 國立屏東科...  
56  國立宜蘭大學 生物機電工程學系 備33 國立東華大學 化學系 備1 國立東華大學 資訊管理學...  
57  國立宜蘭大學 生物機電工程學系 備34 國立宜蘭大學 電子工程學系 備63 國立金門大學 電...  
58  國立宜蘭大學 生物機電工程學系 備35 中原大學 化學工程學系綠能製程組 備22 中原大學 ...  
59  國立宜蘭大學 生物機電工程學系 備36 國立交通大學 旋坤揚帆招生丙組(理學生科) 輔仁大學...  
60  國立宜蘭大學 生物機電工程學系 備37 國立臺東大學 資訊管理學系 備24 國立臺東大學 應...  
61              國立宜蘭大學 生物機電工程學系 備38 國立宜蘭大學 電子工程學系 備65  
62  國立宜蘭大學 生物機電工程學系 備39 中山醫學大學 職業安全衛生學系 國立東華大學 光電工...  
63  國立宜蘭大學 生物機電工程學系 備40 國立宜蘭大學 電子工程學系 備33 國立高雄海洋科技...  
64  國立宜蘭大學 生物機電工程學系  國立中央大學 大氣科學學系大氣組 正18 國立中央大學 大...  
65                      國立宜蘭大學 生物機電工程學系  東吳大學 化學系 正29  
66  國立宜蘭大學 生物機電工程學系  國立臺灣海洋大學 水產養殖學系 備50 國立臺灣海洋大學 ...  
67  國立宜蘭大學 生物機電工程學系  中原大學 機械工程學系  國立高雄應用科技大學機械工程系微...  
68  國立宜蘭大學 生物機電工程學系  東海大學 生命科學系生態暨生物多樣性組 備38 國立臺東大...  
69  國立宜蘭大學 生物機電工程學系  國立東華大學 物理學系物理組 正15 國立東華大學 光電工...  
70  國立宜蘭大學 生物機電工程學系  國立宜蘭大學 環境工程學系  國立宜蘭大學 電子工程學系 備53  
71  國立宜蘭大學 生物機電工程學系  淡江大學 土木工程學系 淡江大學 航空太空工程學系 世新大...  
72          國立宜蘭大學 生物機電工程學系  中原大學 應用數學系 輔仁大學 數學系應用數學組  
73  國立宜蘭大學 生物機電工程學系  國立東華大學 資訊管理學系  國立宜蘭大學 化學工程與材料...  
74                  國立宜蘭大學 生物機電工程學系  國立宜蘭大學 應用經濟與管理學系  
75  國立宜蘭大學 生物機電工程學系  元智大學 電機工程學系(甲組) 備125 元智大學 電機工...  
76              國立宜蘭大學 生物機電工程學系  淡江大學 理學院尖端材料科學學士學位學程  
77  國立宜蘭大學 生物機電工程學系  中原大學 化學工程學系綠能製程組 中原大學 生物醫學工程學...  
78  國立宜蘭大學 生物機電工程學系  淡江大學 電機工程學系電機資訊組 備9 淡江大學 電機工程...  
79  國立宜蘭大學 生物機電工程學系  國立屏東大學 電腦與智慧型機器人學士學位學程 正8  國立...  
80                     國立宜蘭大學 生物機電工程學系  國立金門大學 資訊工程學系  
81  國立宜蘭大學 生物機電工程學系  中原大學 化學工程學系綠能製程組 備63 中原大學 機械工...  
82                                                NaN  

[80 rows x 3 columns]"
8,"1                        准考證號碼 姓 &nbsp名  \
3       10021434 考區 : 國立臺灣師大附中      NaN   
4       10047016 考區 : 臺北市立百齡高中      陳*妤   
5         10310805 考區 : 國立宜蘭大學      NaN   
6       10173611 考區 : 臺中市立臺中一中      趙*雲   
7       10034301 考區 : 臺北市立成淵高中      張*宜   
8         10310916 考區 : 國立宜蘭大學      NaN   
9       10093112 考區 : 新北市立三民高中      張*瑜   
10      10089511 考區 : 新北市立新北高中      鄭*鴻   
11        10233037 考區 : 國立嘉義高中      楊*鳳   
12        10319613 考區 : 國立花蓮高中      蕭*隆   
13      10059604 考區 : 新北市立新店高中      林*穎   
14      10042714 考區 : 臺北市立中山女中      洪*芸   
15      10050030 考區 : 臺北市立中正高中      陳*敏   
16      10061713 考區 : 新北市立新店高中      應*若   
17        10272841 考區 : 國立鳳新高中      林*君   
18      10112024 考區 : 桃園市立武陵高中      楊*宇   
19  10128335 考區 : 國立中央大學附屬中壢高中      鄧*哲   
20      10075217 考區 : 新北市立板橋高中      鍾*叡   
21      10098117 考區 : 新北市立永平高中      王*曜   
22      10009507 考區 : 臺北市立建國高中      孫*臨   
23      10088516 考區 : 新北市立新北高中      林*宇   
24      10117113 考區 : 桃園市立陽明高中      陸*怡   
25        10321133 考區 : 國立臺東女中      周*億   
26      10009807 考區 : 臺北市立建國高中      NaN   
27        10138301 考區 : 私立復旦高中      黃*雯   
28        10149637 考區 : 國立新竹女中      盧*晴   
29      10032116 考區 : 臺北市立成淵高中      楊*承   
30      10082035 考區 : 新北市立新莊高中      張*鴻   
31      10050814 考區 : 臺北市立中正高中      江*叡   
32        10314902 考區 : 國立宜蘭大學      NaN   
..                         ...      ...   
44      10098604 考區 : 新北市立永平高中      賴*佑   
45        10243205 考區 : 國立臺南二中      周*彥   
46      10107717 考區 : 國立臺灣海洋大學      NaN   
47      10030538 考區 : 臺北市立松山高中      NaN   
48        10138403 考區 : 私立復旦高中      張*捷   
49      10084020 考區 : 新北市立新莊國中      NaN   
50      10083608 考區 : 新北市立新莊國中      NaN   
51        10279606 考區 : 私立道明高中      葉*豪   
52  10130425 考區 : 國立中央大學附屬中壢高中      簡*辰   
53      10038629 考區 : 國立臺灣師範大學      王*揚   
54      10029902 考區 : 臺北市立松山高中      毛*妤   
55      10032338 考區 : 臺北市立成淵高中      洪*軒   
56      10053116 考區 : 臺北市立內湖高中      蔡*良   
57      10048940 考區 : 臺北市立中正高中      張*齊   
58      10032526 考區 : 臺北市立成淵高中      黃*容   
59      10040331 考區 : 臺北市立中山女中      NaN   
60      10049204 考區 : 臺北市立中正高中      莊*傑   
61      10050206 考區 : 臺北市立中正高中      NaN   
62      10062429 考區 : 新北市立新店高中      NaN   
63        10068723 考區 : 國立華僑高中      謝*凱   
64      10088723 考區 : 新北市立新北高中      NaN   
65      10116824 考區 : 桃園市立陽明高中      陳*賢   
66        10133611 考區 : 私立育達高中      張*榕   
67        10202225 考區 : 國立中興高中      曾*翰   
68    10213726 考區 : 國立彰化師大附屬高工      林*鈞   
69        10223939 考區 : 國立斗六高中      NaN   
70        10237301 考區 : 國立嘉義女中      侯*馨   
71        10238226 考區 : 國立臺南一中      梅*偉   
72        10302915 考區 : 國立屏東大學      劉*青   
73                         NaN      NaN   

1                                    校系名稱 [隱藏 科技大學校系]  
3   國立宜蘭大學 食品科學系 正1 國立臺灣海洋大學 生命科學暨生物科技學系 備3 國立臺灣海洋...  
4   國立宜蘭大學 食品科學系 正2 中山醫學大學 健康餐飲暨產業管理學系 正23 中山醫學大學 ...  
5                國立宜蘭大學 食品科學系 正3 國立宜蘭大學 生物技術與動物科學系 正9  
6   國立宜蘭大學 食品科學系 正4 東海大學 餐旅管理學系 正31 輔仁大學 餐旅管理學系 備1...  
7   國立宜蘭大學 食品科學系 正5 輔仁大學 食品科學系 備3 實踐大學 食品營養與保健生技學系...  
8   國立宜蘭大學 食品科學系 正6 臺北市立大學 幼兒教育學系 備46  國立宜蘭大學 生物技術...  
9   國立宜蘭大學 食品科學系 正7 輔仁大學 統計資訊學系 正34  國立宜蘭大學 生物技術與動...  
10  國立宜蘭大學 食品科學系 正8 高雄醫學大學 公共衛生學系 備1 淡江大學 產業經濟學系 備...  
11  國立宜蘭大學 食品科學系 正9 國立臺灣師範大學 地理學系 國立臺南大學 生態暨環境資源學系...  
12  國立宜蘭大學 食品科學系 正10 東海大學 食品科學系 正54  國立高雄海洋科技大學水產食...  
13  國立宜蘭大學 食品科學系  正11 東吳大學 化學系 中原大學 化學系材料化學組 正23 中...  
14  國立宜蘭大學 食品科學系 正12 東海大學 食品科學系 備58 國立東華大學 電機工程學系 備23  
15  國立宜蘭大學 食品科學系 正13 東海大學 食品科學系 正30 亞洲大學 食品營養與保健生技...  
16  國立宜蘭大學 食品科學系 正14 中原大學 生物醫學工程學系 正36 東海大學 畜產與生物科...  
17  國立宜蘭大學 食品科學系 正15 國立臺南大學 綠色能源科技學系 備9 國立嘉義大學 生物事...  
18  國立宜蘭大學 食品科學系 正16 中原大學 化學系化學組 正20 國立屏東大學 應用化學系 正22  
19  國立宜蘭大學 食品科學系 正17 中原大學 化學工程學系生化工程組 備51 東海大學 食品科...  
20  國立宜蘭大學 食品科學系 正18 輔仁大學 公共衛生學系 國立臺灣藝術大學 戲劇學系  嘉南...  
21  國立宜蘭大學 食品科學系 正19 中國醫藥大學 公共衛生學院大一不分系 備87 輔仁大學 公...  
22  國立宜蘭大學 食品科學系 正20 輔仁大學 食品科學系 正19 國立暨南國際大學 財務金融學...  
23  國立宜蘭大學 食品科學系 正21 東海大學 食品科學系 備41 逢甲大學 纖維與複合材料學系...  
24  國立宜蘭大學 食品科學系 正22 中原大學 會計學系 備143 中原大學 財務金融學系 正4...  
25  國立宜蘭大學 食品科學系 原住民-正1 國立中興大學 食品暨應用生物科技學系 國立臺灣海洋大...  
26                                    國立宜蘭大學 食品科學系 備1  
27  國立宜蘭大學 食品科學系 備2 中原大學 化學系材料化學組 正16 東海大學 化學系化學生物...  
28  國立宜蘭大學 食品科學系 備3 國立嘉義大學 園藝學系 備4 國立嘉義大學 景觀學系 備11...  
29  國立宜蘭大學 食品科學系 備4 國立臺南大學 生態暨環境資源學系 正9 國立嘉義大學 生物農...  
30  國立宜蘭大學 食品科學系 備5 東海大學 食品科學系  國立高雄海洋科技大學水產養殖系 備1...  
31  國立宜蘭大學 食品科學系 備6 國立東華大學 應用數學系統計科學組 正13 國立東華大學 物...  
32  國立宜蘭大學 食品科學系 備7 東海大學 企業管理學系(創業與組織領導組) 國立宜蘭大學 應...  
..                                                ...  
44  國立宜蘭大學 食品科學系 備19 中原大學 生物醫學工程學系 備40 中原大學 資訊管理學系...  
45  國立宜蘭大學 食品科學系 備20 中原大學 應用數學系 正52  國立金門大學 海洋與邊境管...  
46             國立宜蘭大學 食品科學系 備21 國立宜蘭大學 生物技術與動物科學系 備35  
47  國立宜蘭大學 食品科學系 備22 國立臺灣海洋大學 商船學系 備74  國立宜蘭大學 化學工...  
48  國立宜蘭大學 食品科學系 備23 國立東華大學 應用數學系統計科學組 正10 國立東華大學 ...  
49  國立宜蘭大學 食品科學系 備24 國立臺灣海洋大學 海洋生物科技學士學位學程 備21 長庚大...  
50                 國立宜蘭大學 食品科學系 備25 國立宜蘭大學 土木工程學系 正14  
51  國立宜蘭大學 食品科學系 備26 國立東華大學 化學系 備22 國立東華大學 光電工程學系 ...  
52  國立宜蘭大學 食品科學系 備27 中原大學 商業設計學系 備5 國立臺中教育大學 科學教育與...  
53  國立宜蘭大學 食品科學系 備28 國立東華大學 資訊管理學系 備1  國立宜蘭大學 電子工程...  
54  國立宜蘭大學 食品科學系 備29 東海大學 食品科學系 中國文化大學 建築及都市設計學系 正...  
55  國立宜蘭大學 食品科學系 備30 淡江大學 機械與機電工程學系光機電整合組 備23 淡江大學...  
56  國立宜蘭大學 食品科學系 備31 國立東華大學 生命科學系 備5  國立宜蘭大學 生物技術與...  
57  國立宜蘭大學 食品科學系 備32 國立東華大學 國際企業學系 國立東華大學 英美語文學系 國...  
58  國立宜蘭大學 食品科學系  東海大學 畜產與生物科技學系 備17 中國文化大學 動物科學系 ...  
59                      國立宜蘭大學 食品科學系  中山醫學大學 職業安全衛生學系  
60          國立宜蘭大學 食品科學系  國立嘉義大學 食品科學系 國立嘉義大學 水生生物科學系  
61                                       國立宜蘭大學 食品科學系  
62                                       國立宜蘭大學 食品科學系  
63  國立宜蘭大學 食品科學系  輔仁大學 經濟學系 國立暨南國際大學 經濟學系 國立宜蘭大學 應...  
64  國立宜蘭大學 食品科學系  逢甲大學 航太與系統工程學系 國立東華大學 應用數學系統計科學組...  
65  國立宜蘭大學 食品科學系  義守大學 醫學檢驗技術學系 備18 亞洲大學 職能治療學系 備5...  
66  國立宜蘭大學 食品科學系  中原大學 生物科技學系 正48  國立金門大學 護理學系 備24...  
67  國立宜蘭大學 食品科學系  東海大學 食品科學系  輔英科技大學物理治療系 正取 弘光科技大...  
68  國立宜蘭大學 食品科學系  國立臺灣海洋大學 食品科學系食品科學組 正20 國立嘉義大學 食...  
69                         國立宜蘭大學 食品科學系  國立臺東大學 生命科學系  
70  國立宜蘭大學 食品科學系  中原大學 景觀學系 備14 逢甲大學 建築專業學院學士班 正67...  
71  國立宜蘭大學 食品科學系  國立屏東大學 資訊科學系 備29 國立臺東大學 應用科學系應用物...  
72  國立宜蘭大學 食品科學系  長榮大學 企業管理學系行銷組 原住民-正1 國立聯合大學 文化創...  
73                                                NaN  

[71 rows x 3 columns]"
9,"1                        准考證號碼 姓 &nbsp名  \
3       10162137 考區 : 臺中市立文華高中      柯*壬   
4       10200918 考區 : 臺中市立惠文高中      洪*辰   
5       10059114 考區 : 臺北市立景美女中      許*元   
6   10128428 考區 : 國立中央大學附屬中壢高中      林*翎   
7       10033439 考區 : 臺北市立成淵高中      游*予   
8       10021434 考區 : 國立臺灣師大附中      NaN   
9         10223827 考區 : 國立斗六高中      林*均   
10      10043026 考區 : 臺北市立中山女中      陳*年   
11        10310805 考區 : 國立宜蘭大學      NaN   
12      10040828 考區 : 臺北市立中山女中      李*瑄   
13        10314914 考區 : 國立宜蘭大學      吳*諶   
14      10093724 考區 : 新北市立三民高中      張*瑄   
15      10043518 考區 : 臺北市立中山女中      查*昀   
16      10090514 考區 : 新北市立新北高中      陳*成   
17      10062627 考區 : 新北市立新店高中      馮*郁   
18      10053014 考區 : 臺北市立內湖高中      簡*全   
19        10250612 考區 : 國立臺南女中      劉*沛   
20        10244425 考區 : 國立臺南二中      劉*佑   
21        10275323 考區 : 國立鳳新高中      陳*霏   
22      10050326 考區 : 臺北市立中正高中      NaN   
23      10107122 考區 : 國立臺灣海洋大學      黃*綺   
24      10056809 考區 : 臺北市立景美女中      郭*瑄   
25      10111932 考區 : 桃園市立武陵高中      黃*雯   
26      10071335 考區 : 新北市立新北高工      王*涵   
27      10165911 考區 : 臺中市立臺中二中      伍*婷   
28      10043241 考區 : 臺北市立中山女中      陳*恩   
29      10060402 考區 : 新北市立新店高中      鄭*尹   
30      10142822 考區 : 新竹市立建功高中      葉*嵐   
31      10001827 考區 : 臺北市立大同高中      吳*宇   
32        10224208 考區 : 國立斗六高中      李*翰   
..                         ...      ...   
69      10107717 考區 : 國立臺灣海洋大學      NaN   
70      10032711 考區 : 臺北市立成淵高中      陳*岳   
71      10062503 考區 : 新北市立新店高中      陳*恩   
72      10071831 考區 : 新北市立新北高工      陳*霖   
73      10071321 考區 : 新北市立新北高工      呂*誠   
74      10002517 考區 : 臺北市立大同高中      NaN   
75      10009907 考區 : 臺北市立建國高中      NaN   
76      10014534 考區 : 臺北市立第一女中      NaN   
77      10028642 考區 : 臺北市立松山高中      黃*諭   
78      10043640 考區 : 臺北市立中山女中      吳*諭   
79      10053206 考區 : 臺北市立內湖高中      NaN   
80      10058907 考區 : 臺北市立景美女中      翁*圻   
81      10076001 考區 : 新北市立板橋高中      NaN   
82      10081821 考區 : 新北市立新莊高中      胡*芹   
83      10104542 考區 : 新北市立錦和高中      NaN   
84  10129206 考區 : 國立中央大學附屬中壢高中      NaN   
85        10139913 考區 : 私立復旦高中      NaN   
86        10145027 考區 : 國立新竹高中      羅*玟   
87        10146232 考區 : 國立新竹高中      高*煜   
88        10159533 考區 : 國立苗栗高中      李*婷   
89      10166030 考區 : 臺中市立臺中二中      楊*樺   
90      10172140 考區 : 臺中市立臺中一中      林*宇   
91        10180205 考區 : 私立明德高中      陳*翔   
92      10209306 考區 : 國立彰化師範大學      黃*妤   
93    10211119 考區 : 國立彰化師大附屬高工      劉*緯   
94        10219438 考區 : 國立員林家商      洪*翔   
95        10259004 考區 : 私立長榮高中      黃*誌   
96      10292429 考區 : 高雄市立高雄女中      NaN   
97        10325109 考區 : 國立宜蘭大學      袁*嘉   
98                         NaN      NaN   

1                                    校系名稱 [隱藏 科技大學校系]  
3   國立宜蘭大學 生物技術與動物科學系 正1 國立中興大學 興翼招生F組(生科獸醫) 備4 國立...  
4   國立宜蘭大學 生物技術與動物科學系 正2 國立嘉義大學 食品科學系 正14 國立高雄大學 土...  
5   國立宜蘭大學 生物技術與動物科學系 正3 國立臺灣師範大學 生命科學系 正12 國立中興大學...  
6               國立宜蘭大學 生物技術與動物科學系 正4 國立中興大學 生命科學系 備35  
7   國立宜蘭大學 生物技術與動物科學系 正5 國立臺灣海洋大學 海洋生物科技學士學位學程 國立嘉...  
8   國立宜蘭大學 生物技術與動物科學系 正6 國立臺灣海洋大學 生命科學暨生物科技學系 備3 國...  
9   國立宜蘭大學 生物技術與動物科學系 正7 國立嘉義大學 動物科學系 備20 國立嘉義大學 生...  
10  國立宜蘭大學 生物技術與動物科學系 正8 高雄醫學大學 生物科技學系 備19 國立高雄師範大...  
11               國立宜蘭大學 生物技術與動物科學系 正9 國立宜蘭大學 食品科學系 正3  
12  國立宜蘭大學 生物技術與動物科學系 正10 東海大學 畜產與生物科技學系 國立嘉義大學 動物...  
13  國立宜蘭大學 生物技術與動物科學系 正11 中山醫學大學 視光學系 正24 長庚大學 工業設...  
14  國立宜蘭大學 生物技術與動物科學系 正12 輔仁大學 生命科學系 正20 國立東華大學 生命...  
15  國立宜蘭大學 生物技術與動物科學系 正13 輔仁大學 護理學系 正49 國立嘉義大學 生物農...  
16  國立宜蘭大學 生物技術與動物科學系 正14 國立臺灣海洋大學 食品科學系食品科學組 備8 國...  
17  國立宜蘭大學 生物技術與動物科學系 正15 輔仁大學 景觀設計學系 正17 輔仁大學 營養科...  
18  國立宜蘭大學 生物技術與動物科學系 正16 東海大學 畜產與生物科技學系 正33  國立嘉義...  
19  國立宜蘭大學 生物技術與動物科學系 正17 國立中興大學 國際農企業學士學位學程 備15 國...  
20  國立宜蘭大學 生物技術與動物科學系 正18 東海大學 畜產與生物科技學系 正39  國立宜蘭...  
21  國立宜蘭大學 生物技術與動物科學系 正19 東吳大學 微生物學系生物科技組 備9 中山醫學大...  
22  國立宜蘭大學 生物技術與動物科學系 正20 輔仁大學 生命科學系 正11 長庚大學 生物醫學...  
23  國立宜蘭大學 生物技術與動物科學系 正21 東吳大學 微生物學系生物科技組 正9  東海大學...  
24  國立宜蘭大學 生物技術與動物科學系 正22 中原大學 生物科技學系 正17 東海大學 畜產與...  
25  國立宜蘭大學 生物技術與動物科學系 正23 輔仁大學 生命科學系 正59 國立臺南大學 戲劇...  
26  國立宜蘭大學 生物技術與動物科學系 正24 東海大學 畜產與生物科技學系 正44 東海大學 ...  
27  國立宜蘭大學 生物技術與動物科學系 正25 東海大學 畜產與生物科技學系 正6 中國文化大學...  
28  國立宜蘭大學 生物技術與動物科學系 正26 國立高雄師範大學 生物科技系 正13 國立東華大...  
29  國立宜蘭大學 生物技術與動物科學系 正27 東吳大學 微生物學系應用微生物組 備14 東海大...  
30  國立宜蘭大學 生物技術與動物科學系 正28 國立嘉義大學 水生生物科學系 正8 亞洲大學 護...  
31  國立宜蘭大學 生物技術與動物科學系 正29 國立臺灣師範大學 健康促進與衛生教育學系 東海大...  
32  國立宜蘭大學 生物技術與動物科學系 正30 東海大學 畜產與生物科技學系 正18 國立中山大...  
..                                                ...  
69             國立宜蘭大學 生物技術與動物科學系 備35 國立宜蘭大學 食品科學系 備21  
70  國立宜蘭大學 生物技術與動物科學系 備36 東海大學 畜產與生物科技學系 正43 國立臺灣海...  
71  國立宜蘭大學 生物技術與動物科學系 備37 國立宜蘭大學 生物機電工程學系 備3  國立宜蘭...  
72  國立宜蘭大學 生物技術與動物科學系 備38 中原大學 生物科技學系 備82 國立嘉義大學 生...  
73  國立宜蘭大學 生物技術與動物科學系 備39 中原大學 生物科技學系 正46 中原大學 生物醫...  
74                     國立宜蘭大學 生物技術與動物科學系  國立宜蘭大學 園藝學系  
75  國立宜蘭大學 生物技術與動物科學系  中原大學 化學工程學系生化工程組 東海大學 畜產與生物...  
76  國立宜蘭大學 生物技術與動物科學系  中原大學 生物醫學工程學系 東海大學 畜產與生物科技學...  
77      國立宜蘭大學 生物技術與動物科學系  國立東華大學 生命科學系 國立嘉義大學 生化科技學系  
78  國立宜蘭大學 生物技術與動物科學系  高雄醫學大學 醫藥暨應用化學系應用化學組 輔仁大學 醫...  
79                  國立宜蘭大學 生物技術與動物科學系  輔仁大學 生命科學系 正41  
80                國立宜蘭大學 生物技術與動物科學系  國立屏東科技大學動物科學與畜產系  
81                   國立宜蘭大學 生物技術與動物科學系  中國醫藥大學 生物科技學系  
82  國立宜蘭大學 生物技術與動物科學系  中國文化大學 動物科學系 原住民-正1 國立臺北教育大...  
83                國立宜蘭大學 生物技術與動物科學系  國立宜蘭大學 機械與機電工程學系  
84              國立宜蘭大學 生物技術與動物科學系  中國醫藥大學 中國藥學暨中藥資源學系  
85               國立宜蘭大學 生物技術與動物科學系  臺北市立大學 中國語文學系 正17  
86  國立宜蘭大學 生物技術與動物科學系  國立臺南大學 生態暨環境資源學系  國立屏東科技大學植...  
87  國立宜蘭大學 生物技術與動物科學系  東海大學 生命科學系生物醫學組 國立臺灣海洋大學 水產...  
88  國立宜蘭大學 生物技術與動物科學系  東海大學 畜產與生物科技學系 國立嘉義大學 園藝學系 ...  
89  國立宜蘭大學 生物技術與動物科學系  東海大學 畜產與生物科技學系 備23 靜宜大學 化粧品...  
90  國立宜蘭大學 生物技術與動物科學系  國立臺灣海洋大學 水產養殖學系 正20 國立臺灣海洋大...  
91  國立宜蘭大學 生物技術與動物科學系  國立臺灣海洋大學 海洋生物科技學士學位學程 正11 國...  
92  國立宜蘭大學 生物技術與動物科學系  中山醫學大學 護理學系 備63 亞洲大學 生物科技學系...  
93  國立宜蘭大學 生物技術與動物科學系  國立臺南大學 生態暨環境資源學系  國立屏東科技大學動...  
94              國立宜蘭大學 生物技術與動物科學系  東海大學 畜產與生物科技學系 正30  
95  國立宜蘭大學 生物技術與動物科學系  國立高雄師範大學 生物科技系 備6  國立中山大學 生...  
96                   國立宜蘭大學 生物技術與動物科學系  國立臺南大學 生物科技學系  
97                 國立宜蘭大學 生物技術與動物科學系  淡江大學 資訊工程學系 備53  
98                                                NaN  

[96 rows x 3 columns]"
10,"1                        准考證號碼 姓 &nbsp名  \
3       10100016 考區 : 新北市立永平高中      林*臻   
4         10109330 考區 : 國立基隆女中      黃*鈞   
5   10128314 考區 : 國立中央大學附屬中壢高中      梁*州   
6       10063405 考區 : 新北市立新店高中      吳*芊   
7       10077725 考區 : 新北市立板橋高中      林*伃   
8       10026341 考區 : 國立臺灣師大附中      陳*誼   
9       10096117 考區 : 新北市立永平高中      顏*軒   
10        10262620 考區 : 國立新營高中      楊*綱   
11        10244425 考區 : 國立臺南二中      劉*佑   
12        10228918 考區 : 國立嘉義高中      謝*錡   
13        10305713 考區 : 國立屏東女中      施*玟   
14        10250612 考區 : 國立臺南女中      劉*沛   
15      10099740 考區 : 新北市立永平高中      林*宇   
16      10111308 考區 : 桃園市立武陵高中      邱*晨   
17      10071335 考區 : 新北市立新北高工      王*涵   
18        10318019 考區 : 私立海星高中      譚*辰   
19  10126327 考區 : 國立中央大學附屬中壢高中      李*恩   
20        10109922 考區 : 國立基隆女中      楊*立   
21      10297033 考區 : 高雄市立中山高中      孫*平   
22        10246304 考區 : 國立臺南二中      黃*綺   
23      10082419 考區 : 新北市立新莊高中      劉*駿   
24        10155709 考區 : 國立竹北高中      劉*婷   
25        10242739 考區 : 國立臺南二中      葉*河   
26          10186205 考區 : 靜宜大學      陳*均   
27      10113715 考區 : 桃園市立武陵高中      王*泯   
28      10075114 考區 : 新北市立板橋高中      李*廷   
29        10319732 考區 : 國立花蓮高中      楊*誼   
30      10096904 考區 : 新北市立永平高中      王*慶   
31        10234406 考區 : 國立嘉義女中      黃*良   
32      10052230 考區 : 臺北市立內湖高中      溫*中   
33      10062613 考區 : 新北市立新店高中      林*陽   
34      10207137 考區 : 國立彰化師範大學      黃*翔   
35        10321224 考區 : 國立臺東女中      陳*伯   
36      10197540 考區 : 臺中市立臺中女中      李*頤   
37      10048440 考區 : 臺北市立中正高中      李*恩   
38      10143540 考區 : 新竹市立建功高中      NaN   
39        10303316 考區 : 國立屏東大學      陳*宇   
40      10061602 考區 : 新北市立新店高中      鍾*霖   
41    10214037 考區 : 國立彰化師大附屬高工      陳*瑜   
42        10254427 考區 : 國立家齊高中      邱*品   
43        10240214 考區 : 國立臺南一中      高*昕   
44      10034337 考區 : 臺北市立成淵高中      鍾*恩   
45        10309217 考區 : 國立屏東女中      黃*云   
46      10286619 考區 : 高雄市立高雄高中      程*潔   
47      10110507 考區 : 桃園市立武陵高中      NaN   
48        10315605 考區 : 國立宜蘭大學      郭*華   
49        10217007 考區 : 國立員林高中      NaN   
50      10051413 考區 : 臺北市立中正高中      廖*恩   
51      10032115 考區 : 臺北市立成淵高中      李*逸   
52      10076807 考區 : 新北市立板橋高中      夏*榆   
53      10077107 考區 : 新北市立板橋高中      駱*升   
54      10093328 考區 : 新北市立三民高中      NaN   
55          10185627 考區 : 靜宜大學      NaN   
56        10244031 考區 : 國立臺南二中      余*丞   
57        10249637 考區 : 國立臺南女中      唐*鴻   
58        10255808 考區 : 私立長榮高中      施*宇   
59        10276430 考區 : 國立鳳新高中      林*荃   
60        10300725 考區 : 國立屏東大學      馬*郁   
61                         NaN      NaN   

1                                    校系名稱 [隱藏 科技大學校系]  
3   國立宜蘭大學 森林暨自然資源學系 正1 國立臺灣大學 農藝學系 備10 國立臺灣大學 森林環...  
4   國立宜蘭大學 森林暨自然資源學系 正2 國立中興大學 森林學系林學組 備12 國立臺灣海洋大...  
5   國立宜蘭大學 森林暨自然資源學系 正3 國立中興大學 森林學系林學組 備19 國立中興大學 ...  
6   國立宜蘭大學 森林暨自然資源學系 正4 國立臺南大學 生態暨環境資源學系 正3 國立嘉義大學...  
7            國立宜蘭大學 森林暨自然資源學系 正5 國立嘉義大學 森林暨自然資源學系 正19  
8   國立宜蘭大學 森林暨自然資源學系 正6 國立嘉義大學 森林暨自然資源學系 備2 國立高雄大學...  
9   國立宜蘭大學 森林暨自然資源學系 正7 國立臺灣海洋大學 海洋環境資訊系 國立臺灣海洋大學 ...  
10  國立宜蘭大學 森林暨自然資源學系 正8 國立嘉義大學 森林暨自然資源學系 備20  國立屏東...  
11  國立宜蘭大學 森林暨自然資源學系 正9 東海大學 畜產與生物科技學系 正39 國立宜蘭大學 ...  
12  國立宜蘭大學 森林暨自然資源學系 正10 國立臺南大學 生態暨環境資源學系 國立東華大學 自...  
13  國立宜蘭大學 森林暨自然資源學系 正11 東海大學 環境科學與工程學系 國立東華大學 自然資...  
14  國立宜蘭大學 森林暨自然資源學系 正12 國立中興大學 國際農企業學士學位學程 備15 國立...  
15  國立宜蘭大學 森林暨自然資源學系 正13 淡江大學 航空太空工程學系 正52 國立嘉義大學 ...  
16  國立宜蘭大學 森林暨自然資源學系 正14 中原大學 生物科技學系 正19 國立臺灣海洋大學 ...  
17  國立宜蘭大學 森林暨自然資源學系 正15 東海大學 畜產與生物科技學系 正44 東海大學 景...  
18  國立宜蘭大學 森林暨自然資源學系 原住民-正1 中原大學 生物醫學工程學系 原住民-正1 國...  
19  國立宜蘭大學 森林暨自然資源學系 原住民-正2 國立中興大學 森林學系林學組 原住民-正1 ...  
20  國立宜蘭大學 森林暨自然資源學系 備1 國立臺南大學 生態暨環境資源學系 備10 國立東華大...  
21  國立宜蘭大學 森林暨自然資源學系 備2 國立宜蘭大學 園藝學系 正19 國立屏東科技大學森林...  
22  國立宜蘭大學 森林暨自然資源學系 備3 國立東華大學 生命科學系 國立東華大學 臺灣文化學系...  
23  國立宜蘭大學 森林暨自然資源學系 備4 國立臺灣師範大學 地理學系 東吳大學 社會學系 正3...  
24  國立宜蘭大學 森林暨自然資源學系 備5 國立臺南大學 生態暨環境資源學系 國立東華大學 自然...  
25  國立宜蘭大學 森林暨自然資源學系 備6 國立東華大學 自然資源與環境學系 備33 國立嘉義大...  
26  國立宜蘭大學 森林暨自然資源學系 備7 東海大學 畜產與生物科技學系 備50  國立金門大學...  
27  國立宜蘭大學 森林暨自然資源學系 備8 東海大學 生命科學系生態暨生物多樣性組 備28  東...  
28  國立宜蘭大學 森林暨自然資源學系 備9 中國文化大學 森林暨自然保育學系 正1  國立宜蘭大...  
29  國立宜蘭大學 森林暨自然資源學系 備10 國立東華大學 教育行政與管理學系 備19 國立東華...  
30  國立宜蘭大學 森林暨自然資源學系 備11 淡江大學 化學工程與材料工程學系 備16 輔仁大學...  
31  國立宜蘭大學 森林暨自然資源學系 備12 國立宜蘭大學 生物機電工程學系 備32  國立屏東...  
32  國立宜蘭大學 森林暨自然資源學系 備13 東海大學 生命科學系生態暨生物多樣性組 備31 國...  
33  國立宜蘭大學 森林暨自然資源學系 備14 中國文化大學 園藝暨生物技術學系 正1 中國文化大...  
34  國立宜蘭大學 森林暨自然資源學系 備15 國立嘉義大學 水生生物科學系 備23 國立嘉義大學...  
35  國立宜蘭大學 森林暨自然資源學系 備16 淡江大學 公共行政學系 備8 國立東華大學 自然資...  
36  國立宜蘭大學 森林暨自然資源學系 備17 東海大學 財務金融學系 備48 中山醫學大學 醫學...  
37  國立宜蘭大學 森林暨自然資源學系 備18 淡江大學 水資源及環境工程學系環境工程組 正38 ...  
38     國立宜蘭大學 森林暨自然資源學系 備19 國立臺灣海洋大學 海洋經營管理學士學位學程 備20  
39  國立宜蘭大學 森林暨自然資源學系 備20 東海大學 生命科學系生物醫學組 備34 義守大學 ...  
40  國立宜蘭大學 森林暨自然資源學系 備21 東海大學 畜產與生物科技學系 正40 中國文化大學...  
41  國立宜蘭大學 森林暨自然資源學系 備22 中國文化大學 森林暨自然保育學系 國立臺南大學 生...  
42  國立宜蘭大學 森林暨自然資源學系 備23 國立東華大學 生命科學系 備31  國立臺東大學 ...  
43  國立宜蘭大學 森林暨自然資源學系 備24 國立東華大學 自然資源與環境學系 備3 國立臺東大...  
44  國立宜蘭大學 森林暨自然資源學系 備25 東海大學 生命科學系生態暨生物多樣性組 備38 國...  
45  國立宜蘭大學 森林暨自然資源學系 備26 國立東華大學 生命科學系 備26 國立東華大學 自...  
46  國立宜蘭大學 森林暨自然資源學系 備27 中國文化大學 戲劇學系 備102 國立東華大學 民...  
47                               國立宜蘭大學 森林暨自然資源學系 備28  
48  國立宜蘭大學 森林暨自然資源學系 備29 國立東華大學 自然資源與環境學系 備36 國立宜蘭...  
49                               國立宜蘭大學 森林暨自然資源學系 備30  
50                國立宜蘭大學 森林暨自然資源學系 備31 國立東華大學 化學系 備28  
51  國立宜蘭大學 森林暨自然資源學系  國立臺灣海洋大學 水產養殖學系 備50 國立臺灣海洋大學...  
52  國立宜蘭大學 森林暨自然資源學系  國立嘉義大學 森林暨自然資源學系  國立屏東科技大學森林...  
53  國立宜蘭大學 森林暨自然資源學系  大同大學 工業設計學系 長庚大學 工業設計學系 國立嘉義...  
54  國立宜蘭大學 森林暨自然資源學系  中國文化大學 園藝暨生物技術學系  國立宜蘭大學 園藝學...  
55                    國立宜蘭大學 森林暨自然資源學系  國立宜蘭大學 環境工程學系  
56  國立宜蘭大學 森林暨自然資源學系  中國文化大學 地理學系 國立東華大學 教育行政與管理學系...  
57  國立宜蘭大學 森林暨自然資源學系  國立屏東大學 應用日語學系 國立臺東大學 綠色與資訊科技...  
58  國立宜蘭大學 森林暨自然資源學系  國立宜蘭大學 園藝學系 國立屏東科技大學農園生產系 國立...  
59  國立宜蘭大學 森林暨自然資源學系  國立臺灣海洋大學 海洋工程科技學士學位學程 國立嘉義大學...  
60  國立宜蘭大學 森林暨自然資源學系  高雄醫學大學 醫務管理暨醫療資訊學系 國立清華大學 旭日...  
61                                                NaN  "
11,"1                      准考證號碼 姓 &nbsp名  \
3     10063405 考區 : 新北市立新店高中      吳*芊   
4     10050016 考區 : 臺北市立中正高中      高*中   
5       10180513 考區 : 私立明德高中      蔡*叡   
6       10202137 考區 : 國立中興高中      潘*勳   
7     10098702 考區 : 新北市立永平高中      洪*晴   
8       10244425 考區 : 國立臺南二中      劉*佑   
9     10034608 考區 : 臺北市立成淵高中      謝*諺   
10      10225636 考區 : 國立虎尾高中      黃*善   
11    10283502 考區 : 高雄市立高雄高中      李*頴   
12      10154034 考區 : 國立竹北高中      曾*迎   
13      10246304 考區 : 國立臺南二中      黃*綺   
14      10149637 考區 : 國立新竹女中      盧*晴   
15    10056924 考區 : 臺北市立景美女中      趙*娟   
16      10236305 考區 : 國立嘉義女中      高*慈   
17    10048440 考區 : 臺北市立中正高中      李*恩   
18    10096904 考區 : 新北市立永平高中      王*慶   
19    10176605 考區 : 國立中興大學附中      陳*雯   
20    10166030 考區 : 臺中市立臺中二中      楊*樺   
21    10297033 考區 : 高雄市立中山高中      孫*平   
22    10091913 考區 : 新北市立三民高中      周*珊   
23    10110539 考區 : 桃園市立武陵高中      呂*銘   
24      10305713 考區 : 國立屏東女中      施*玟   
25    10075114 考區 : 新北市立板橋高中      李*廷   
26    10070209 考區 : 新北市立新北高工      NaN   
27    10032311 考區 : 臺北市立成淵高中      徐*婷   
28      10274417 考區 : 國立鳳新高中      NaN   
29      10067622 考區 : 國立華僑高中      林*貞   
30    10085504 考區 : 新北市立新莊國中      陳*毓   
31    10093328 考區 : 新北市立三民高中      NaN   
32    10107117 考區 : 國立臺灣海洋大學      張*俐   
..                       ...      ...   
35      10150524 考區 : 國立新竹女中      NaN   
36      10241816 考區 : 國立臺南一中      王*喬   
37      10203342 考區 : 國立中興高中      NaN   
38    10052106 考區 : 臺北市立內湖高中      溫*宇   
39      10247904 考區 : 國立臺南女中      吳*霖   
40      10262012 考區 : 國立新營高中      NaN   
41    10044735 考區 : 臺北市立百齡高中      周*宇   
42      10231527 考區 : 國立嘉義高中      鄭*皓   
43    10106924 考區 : 國立臺灣海洋大學      徐*誠   
44    10002327 考區 : 臺北市立大同高中      NaN   
45    10002517 考區 : 臺北市立大同高中      NaN   
46    10045324 考區 : 臺北市立百齡高中      王*元   
47    10049630 考區 : 臺北市立中正高中      張*馨   
48    10051909 考區 : 臺北市立內湖高中      高*晴   
49    10083409 考區 : 新北市立新莊高中      楊*弘   
50    10088537 考區 : 新北市立新北高中      陳*孚   
51    10104526 考區 : 新北市立錦和高中      吳*昱   
52    10113715 考區 : 桃園市立武陵高中      王*泯   
53      10141716 考區 : 私立復旦高中      謝*任   
54    10166609 考區 : 臺中市立臺中二中      陳*霖   
55    10175841 考區 : 國立中興大學附中      NaN   
56    10176625 考區 : 國立中興大學附中      陳*安   
57      10205115 考區 : 國立中興高中      劉*毅   
58    10207034 考區 : 國立彰化師範大學      黃*綸   
59  10210832 考區 : 國立彰化師大附屬高工      施*慈   
60      10255808 考區 : 私立長榮高中      施*宇   
61      10272723 考區 : 國立鳳新高中      NaN   
62      10306741 考區 : 國立屏東女中      賴*慈   
63      10309337 考區 : 國立屏東女中      黃*憲   
64                       NaN      NaN   

1                                    校系名稱 [隱藏 科技大學校系]  
3   國立宜蘭大學 園藝學系 正1 國立臺南大學 生態暨環境資源學系 正3 國立嘉義大學 農藝學系...  
4   國立宜蘭大學 園藝學系 正2 輔仁大學 護理學系 正39 輔仁大學 資訊工程學系 正38 輔...  
5   國立宜蘭大學 園藝學系 正3 國立臺灣海洋大學 水產養殖學系 中山醫學大學 視光學系 備5 ...  
6   國立宜蘭大學 園藝學系 正4 國立嘉義大學 園藝學系 正15  國立屏東科技大學農園生產系 備12  
7      國立宜蘭大學 園藝學系 正5 國立嘉義大學 農藝學系 備14 國立嘉義大學 園藝學系 正20  
8   國立宜蘭大學 園藝學系 正6 東海大學 畜產與生物科技學系 正39 國立宜蘭大學 生物技術與...  
9   國立宜蘭大學 園藝學系 正7 國立嘉義大學 園藝學系 備26 國立嘉義大學 植物醫學系 備2...  
10  國立宜蘭大學 園藝學系 正8 輔仁大學 織品服裝學系織品設計組 備15 輔仁大學 織品服裝學...  
11  國立宜蘭大學 園藝學系 正9 國立臺灣海洋大學 食品科學系生物科技組 備25 國立嘉義大學 ...  
12  國立宜蘭大學 園藝學系 正10 中原大學 景觀學系 備11 中山醫學大學 健康餐飲暨產業管理...  
13  國立宜蘭大學 園藝學系 正11 國立東華大學 生命科學系 國立東華大學 臺灣文化學系 備2 ...  
14  國立宜蘭大學 園藝學系 正12 國立嘉義大學 園藝學系 備4  國立嘉義大學 景觀學系 備1...  
15  國立宜蘭大學 園藝學系 正13 國立東華大學 經濟學系 備21 國立東華大學 藝術創意產業學...  
16  國立宜蘭大學 園藝學系 正14 中原大學 生物科技學系 備6 東海大學 生命科學系生態暨生物...  
17  國立宜蘭大學 園藝學系 正15 淡江大學 水資源及環境工程學系環境工程組 正38 輔仁大學 ...  
18  國立宜蘭大學 園藝學系 正16 淡江大學 化學工程與材料工程學系 備16 輔仁大學 景觀設計...  
19  國立宜蘭大學 園藝學系 正17 國立臺灣海洋大學 水產養殖學系 國立嘉義大學 水生生物科學系...  
20  國立宜蘭大學 園藝學系 正18 東海大學 畜產與生物科技學系 備23 靜宜大學 化粧品科學系...  
21  國立宜蘭大學 園藝學系 正19 國立宜蘭大學 森林暨自然資源學系 備2  國立屏東科技大學森...  
22                  國立宜蘭大學 園藝學系 正20 國立屏東科技大學農園生產系 備15  
23     國立宜蘭大學 園藝學系 備1 國立嘉義大學 農藝學系 備24 國立嘉義大學 園藝學系 備31  
24  國立宜蘭大學 園藝學系 備2 東海大學 環境科學與工程學系 國立東華大學 自然資源與環境學系...  
25  國立宜蘭大學 園藝學系 備3 中國文化大學 森林暨自然保育學系 正1 國立宜蘭大學 森林暨自...  
26                                     國立宜蘭大學 園藝學系 備4  
27                   國立宜蘭大學 園藝學系 備5 國立屏東科技大學農園生產系 備26  
28  國立宜蘭大學 園藝學系 備6 國立臺灣海洋大學 海洋工程科技學士學位學程 備5 國立宜蘭大學...  
29  國立宜蘭大學 園藝學系 備7 大同大學 工業設計學系 國立高雄大學 工藝與創意設計學系 備3...  
30  國立宜蘭大學 園藝學系 備8 中國文化大學 園藝暨生物技術學系 正3 靜宜大學 食品營養學系...  
31   國立宜蘭大學 園藝學系 備9 中國文化大學 園藝暨生物技術學系 國立宜蘭大學 森林暨自然資源學系  
32  國立宜蘭大學 園藝學系 備10 國立臺灣海洋大學 海洋工程科技學士學位學程 備6 國立嘉義大...  
..                                                ...  
35                                    國立宜蘭大學 園藝學系 備13  
36  國立宜蘭大學 園藝學系 備14 國立中興大學 興翼招生E組(農學相關) 中原大學 生物科技學...  
37                                    國立宜蘭大學 園藝學系 備15  
38  國立宜蘭大學 園藝學系 備16 東海大學 畜產與生物科技學系 備84 東海大學 食品科學系 ...  
39  國立宜蘭大學 園藝學系 備17 國立東華大學 自然資源與環境學系 備38 國立臺東大學 生命...  
40                                    國立宜蘭大學 園藝學系 備18  
41  國立宜蘭大學 園藝學系 備19 中國文化大學 園藝暨生物技術學系 正5 國立東華大學 自然資...  
42  國立宜蘭大學 園藝學系 備20 逢甲大學 資訊工程學系 國立嘉義大學 生物農業科技學系 備3...  
43  國立宜蘭大學 園藝學系 備21 國立屏東科技大學農園生產系 備14 國立高雄海洋科技大學水產...  
44                                        國立宜蘭大學 園藝學系  
45                     國立宜蘭大學 園藝學系  國立宜蘭大學 生物技術與動物科學系  
46  國立宜蘭大學 園藝學系  國立東華大學 自然資源與環境學系 備24 國立臺東大學 應用科學系...  
47  國立宜蘭大學 園藝學系  中山醫學大學 應用外國語言學系 國立嘉義大學 農藝學系 國立嘉義大...  
48   國立宜蘭大學 園藝學系  東吳大學 哲學系 正13  國立屏東科技大學熱帶農業暨國際合作系 備4  
49  國立宜蘭大學 園藝學系  中國醫藥大學 公共衛生學院大一不分系 正7 中山醫學大學 視光學系...  
50  國立宜蘭大學 園藝學系  國立臺灣海洋大學 水產養殖學系 正23 國立東華大學 生命科學系 ...  
51  國立宜蘭大學 園藝學系  中國文化大學 園藝暨生物技術學系  國立高雄海洋科技大學水產養殖系...  
52  國立宜蘭大學 園藝學系  東海大學 生命科學系生態暨生物多樣性組 備28 東海大學 畜產與生...  
53                       國立宜蘭大學 園藝學系  國立嘉義大學 景觀學系 備10  
54  國立宜蘭大學 園藝學系  中國文化大學 森林暨自然保育學系 正24 國立東華大學 自然資源與...  
55                                        國立宜蘭大學 園藝學系  
56  國立宜蘭大學 園藝學系  國立中興大學 農藝學系 原住民-正1 國立中興大學 園藝學系 國立...  
57     國立宜蘭大學 園藝學系  國立嘉義大學 園藝學系 備18  國立屏東科技大學農園生產系 正取  
58  國立宜蘭大學 園藝學系  中國文化大學 園藝暨生物技術學系 中國文化大學 動物科學系 靜宜大...  
59  國立宜蘭大學 園藝學系  國立嘉義大學 園藝學系 國立嘉義大學 森林暨自然資源學系 亞洲大學...  
60  國立宜蘭大學 園藝學系  國立宜蘭大學 森林暨自然資源學系  國立屏東科技大學農園生產系 國...  
61                                        國立宜蘭大學 園藝學系  
62  國立宜蘭大學 園藝學系  輔仁大學 景觀設計學系 國立嘉義大學 農藝學系 正19 國立嘉義大...  
63  國立宜蘭大學 園藝學系  國立臺南大學 生態暨環境資源學系 備3 國立東華大學 自然資源與環...  
64                                                NaN  

[62 rows x 3 columns]"
12,"1                         准考證號碼 姓 &nbsp名  \
3          10145714 考區 : 國立新竹高中      莊*霖   
4          10311316 考區 : 國立宜蘭大學      陳*蓉   
5          10311306 考區 : 國立宜蘭大學      李*婷   
6          10310738 考區 : 國立宜蘭大學      周*瑄   
7        10089407 考區 : 新北市立新北高中      劉*誠   
8          10301404 考區 : 國立屏東大學      蔡*杰   
9        10029206 考區 : 臺北市立松山高中      林*安   
10         10313904 考區 : 國立宜蘭大學      張*豪   
11       10034738 考區 : 臺北市立成淵高中      盧*名   
12       10043817 考區 : 臺北市立百齡高中      儲*揚   
13         10232111 考區 : 國立嘉義高中      林*博   
14      10062025  考區 : 新北市立新店高中      吳*帆   
15       10077607 考區 : 新北市立板橋高中      郭*隆   
16   10128714 考區 : 國立中央大學附屬中壢高中      陳*羽   
17         10204512 考區 : 國立中興高中      潘*彤   
18       10090718 考區 : 新北市立新北高中      張*傑   
19       10106503 考區 : 國立臺灣海洋大學      陳*謙   
20       10116137 考區 : 桃園市立陽明高中      NaN   
21       10143101 考區 : 新竹市立建功高中      NaN   
22       10035506 考區 : 國立臺灣師範大學      NaN   
23       10034237 考區 : 臺北市立成淵高中      李*則   
24       10076031 考區 : 新北市立板橋高中      NaN   
25       10106812 考區 : 國立臺灣海洋大學      NaN   
26       10114805 考區 : 桃園市立陽明高中      楊*嫻   
27       10027709 考區 : 臺北市立松山高中      NaN   
28       10039431 考區 : 國立臺灣師範大學      邱*瑋   
29       10053801 考區 : 臺北市立內湖高中      薛*崴   
30       10285126 考區 : 高雄市立高雄高中      鄭*亞   
31       10045205 考區 : 臺北市立百齡高中      李*哲   
32       10115240 考區 : 桃園市立陽明高中      楊*軒   
..                          ...      ...   
101      10029428 考區 : 臺北市立松山高中      NaN   
102      10030826 考區 : 臺北市立松山高中      嚴*洋   
103      10032003 考區 : 臺北市立成淵高中      石*煌   
104      10038601 考區 : 國立臺灣師範大學      胡*嘉   
105      10056510 考區 : 臺北市立景美女中      NaN   
106      10059515 考區 : 新北市立新店高中      NaN   
107      10071637 考區 : 新北市立新北高工      NaN   
108      10082703 考區 : 新北市立新莊高中      NaN   
109      10084936 考區 : 新北市立新莊國中      NaN   
110      10090816 考區 : 新北市立新北高中      NaN   
111      10096939 考區 : 新北市立永平高中      NaN   
112        10110008 考區 : 國立基隆女中      NaN   
113      10116824 考區 : 桃園市立陽明高中      陳*賢   
114   10124640 考區 : 國立北科大附屬桃園農工      陳*婷   
115  10128515 考區 : 國立中央大學附屬中壢高中      賴*霖   
116        10148027 考區 : 國立新竹高中      NaN   
117        10155021 考區 : 國立竹北高中      蔡*威   
118        10156208 考區 : 國立竹北高中      NaN   
119        10158239 考區 : 國立苗栗高中      NaN   
120        10159041 考區 : 國立苗栗高中      周*葆   
121      10166729 考區 : 臺中市立臺中二中      張*翔   
122        10202922 考區 : 國立中興高中      NaN   
123        10224940 考區 : 國立虎尾高中      林*進   
124        10225512 考區 : 國立虎尾高中      NaN   
125        10232109 考區 : 國立嘉義高中      楊*原   
126        10280207 考區 : 私立道明高中      龔*棕   
127        10317339 考區 : 私立海星高中      NaN   
128        10317831 考區 : 私立海星高中      劉*辰   
129        10321316 考區 : 國立臺東女中      林*智   
130                         NaN      NaN   

1                                     校系名稱 [隱藏 科技大學校系]  
3    國立宜蘭大學 電機工程學系 正1 國立臺灣海洋大學 系統工程暨造船學系 正12 國立臺灣海洋...  
4    國立宜蘭大學 電機工程學系 正2 國立東華大學 電機工程學系 正3 國立東華大學 光電工程學...  
5                     國立宜蘭大學 電機工程學系 正3 慈濟大學 物理治療學系 正16  
6    國立宜蘭大學 電機工程學系 正4 中原大學 化學工程學系材料工程組 備20 中原大學 電機工...  
7    國立宜蘭大學 電機工程學系 正5 輔仁大學 呼吸治療學系 備22 輔仁大學 電機工程學系 正...  
8    國立宜蘭大學 電機工程學系 正6 逢甲大學 航太與系統工程學系 正11 慈濟大學 生命科學系...  
9    國立宜蘭大學 電機工程學系 正7 國立中興大學 興翼招生B組(電機資訊) 備12  國立高雄...  
10   國立宜蘭大學 電機工程學系 正8 逢甲大學 自動控制工程學系 國立高雄師範大學 電子工程學系...  
11   國立宜蘭大學 電機工程學系 正9 國立東華大學 電機工程學系 備14 國立東華大學 光電工程...  
12   國立宜蘭大學 電機工程學系 正10 國立中興大學 物理學系一般物理組 備11 元智大學 資訊...  
13   國立宜蘭大學 電機工程學系 正11 國立彰化師範大學 物理學系光電組 國立高雄大學 應用物理...  
14   國立宜蘭大學 電機工程學系 正12 中原大學 電機資訊學院學士班 正7 淡江大學 電機工程學...  
15              國立宜蘭大學 電機工程學系 正13 國立嘉義大學 機械與能源工程學系 備13  
16   國立宜蘭大學 電機工程學系 正14 中原大學 電機工程學系 備5 元智大學 電機工程學系(甲...  
17   國立宜蘭大學 電機工程學系 正15 逢甲大學 電子工程學系 備27 國立宜蘭大學 生物機電工...  
18   國立宜蘭大學 電機工程學系 正16 國立東華大學 電機工程學系 備7 國立東華大學 材料科學...  
19   國立宜蘭大學 電機工程學系 正17 國立臺灣海洋大學 機械與機電工程學系 備32 國立嘉義大...  
20   國立宜蘭大學 電機工程學系 正18 國立宜蘭大學 機械與機電工程學系 國立宜蘭大學 化學工程...  
21   國立宜蘭大學 電機工程學系 正19 國立高雄師範大學 物理學系 國立宜蘭大學 化學工程與材料...  
22                   國立宜蘭大學 電機工程學系 正20 輔仁大學 呼吸治療學系 備18  
23   國立宜蘭大學 電機工程學系 正21 中原大學 電機工程學系 備78 元智大學 電機工程學系(...  
24        國立宜蘭大學 電機工程學系 正22 輔仁大學 電機工程學系 備42 臺北市立大學 數學系  
25                  國立宜蘭大學 電機工程學系 正23 國立宜蘭大學 資訊工程學系 備6  
26   國立宜蘭大學 電機工程學系 正24 國立金門大學 資訊工程學系 正7 國立雲林科技大學工程科...  
27              國立宜蘭大學 電機工程學系 正25 元智大學 電機工程學系(甲組) 備131  
28   國立宜蘭大學 電機工程學系 正26 國立東華大學 物理學系奈米與光電科學組 備2 國立宜蘭大...  
29   國立宜蘭大學 電機工程學系 正27 國立嘉義大學 生物機電工程學系 備11 國立高雄大學 應...  
30   國立宜蘭大學 電機工程學系 正28 東海大學 電機工程學系奈米電子與能源技術組 正7 逢甲大...  
31   國立宜蘭大學 電機工程學系 正29 中原大學 化學工程學系材料工程組 備34 中原大學 電機...  
32                 國立宜蘭大學 電機工程學系 正30 國立金門大學 電子工程學系 正12  
..                                                 ...  
101  國立宜蘭大學 電機工程學系  國立東華大學 光電工程學系 國立暨南國際大學 應用材料及光電工...  
102  國立宜蘭大學 電機工程學系  淡江大學 電機工程學系電機資訊組 正8 淡江大學 電機工程學系...  
103  國立宜蘭大學 電機工程學系  淡江大學 資訊工程學系 備110 元智大學 電機工程學系(甲組...  
104  國立宜蘭大學 電機工程學系  國立臺灣師範大學 光電工程學士學位學程  中原大學 電機工程學...  
105                       國立宜蘭大學 電機工程學系  國立東華大學 電機工程學系  
106                                      國立宜蘭大學 電機工程學系  
107                                      國立宜蘭大學 電機工程學系  
108                      國立宜蘭大學 電機工程學系  逢甲大學 航太與系統工程學系  
109                       國立宜蘭大學 電機工程學系  國立宜蘭大學 土木工程學系  
110            國立宜蘭大學 電機工程學系  國立東華大學 化學系 國立東華大學 電機工程學系  
111  國立宜蘭大學 電機工程學系  輔仁大學 電機工程學系 國立東華大學 電機工程學系 國立臺灣體...  
112                       國立宜蘭大學 電機工程學系  國立宜蘭大學 環境工程學系  
113  國立宜蘭大學 電機工程學系  義守大學 醫學檢驗技術學系 備18 亞洲大學 職能治療學系 備...  
114  國立宜蘭大學 電機工程學系  國立東華大學 應用數學系數學科學組  長庚科技大學護理系(林口...  
115  國立宜蘭大學 電機工程學系  國立東華大學 電機工程學系 國立暨南國際大學 電機工程學系 備...  
116  國立宜蘭大學 電機工程學系  淡江大學 電機工程學系電機資訊組 輔仁大學 電機工程學系  國...  
117  國立宜蘭大學 電機工程學系  淡江大學 電機工程學系電機資訊組 備9 淡江大學 電機工程學系...  
118  國立宜蘭大學 電機工程學系  國立臺灣海洋大學 商船學系 備49 國立臺灣海洋大學 輪機工程...  
119  國立宜蘭大學 電機工程學系  元智大學 機械工程學系 元智大學 電機工程學系(甲組) 備39...  
120  國立宜蘭大學 電機工程學系  東海大學 電機工程學系IC設計與無線通訊組 備25 元智大學 ...  
121  國立宜蘭大學 電機工程學系  國立宜蘭大學 機械與機電工程學系  國立聯合大學 機械工程學系...  
122  國立宜蘭大學 電機工程學系  逢甲大學 電機工程學系 逢甲大學 財務金融學系 國立宜蘭大學 ...  
123  國立宜蘭大學 電機工程學系  中原大學 電子工程學系 備77  國立聯合大學 電子工程學系 ...  
124   國立宜蘭大學 電機工程學系  國立宜蘭大學 化學工程與材料工程學系  國立聯合大學 機械工程學系  
125  國立宜蘭大學 電機工程學系  逢甲大學 資訊工程學系 輔仁大學 資訊工程學系 國立中正大學 ...  
126  國立宜蘭大學 電機工程學系  國立嘉義大學 土木與水資源工程學系 備36  國立高雄第一科技...  
127  國立宜蘭大學 電機工程學系  國立東華大學 電機工程學系 國立東華大學 光電工程學系  國立...  
128  國立宜蘭大學 電機工程學系  中國文化大學 社會福利學系 實踐大學 資訊科技與通訊學系人工智...  
129  國立宜蘭大學 電機工程學系  中原大學 化學工程學系材料工程組 備5 逢甲大學 材料科學與工...  
130                                                NaN  

[128 rows x 3 columns]"
13,"1                         准考證號碼 姓 &nbsp名  \
3          10232111 考區 : 國立嘉義高中      林*博   
4        10004311 考區 : 臺北市立成功高中      吳*孺   
5        10047016 考區 : 臺北市立百齡高中      陳*妤   
6        10027704 考區 : 臺北市立松山高中      蔡*璽   
7        10008342 考區 : 臺北市立成功高中      伍*亭   
8        10114321 考區 : 桃園市立武陵高中      NaN   
9        10110636 考區 : 桃園市立武陵高中      呂*霖   
10         10155103 考區 : 國立竹北高中      NaN   
11       10050702 考區 : 臺北市立中正高中      吳*毅   
12       10091435 考區 : 新北市立新北高中      楊*緣   
13       10268202 考區 : 國立高雄師大附中      黃*雅   
14         10217803 考區 : 國立員林高中      張*筑   
15       10096702 考區 : 新北市立永平高中      呂*   
16       10040131 考區 : 國立臺灣師範大學      洪*恆   
17         10231905 考區 : 國立嘉義高中      施*辰   
18       10092835 考區 : 新北市立三民高中      NaN   
19       10060614 考區 : 新北市立新店高中      張*綸   
20         10244209 考區 : 國立臺南二中      劉*霖   
21         10314217 考區 : 國立宜蘭大學      丁*立   
22         10154808 考區 : 國立竹北高中      賴*璋   
23       10048234 考區 : 臺北市立中正高中      NaN   
24       10096809 考區 : 新北市立永平高中      陳*蓁   
25         10138411 考區 : 私立復旦高中      NaN   
26       10271340 考區 : 高雄市立中正高中      游*臻   
27         10153811 考區 : 國立竹北高中      蕭*昇   
28       10284826 考區 : 高雄市立高雄高中      NaN   
29   10127130 考區 : 國立中央大學附屬中壢高中      朱*誠   
30       10073229 考區 : 新北市立板橋高中      林*妤   
31     10214730 考區 : 國立彰化師大附屬高工      NaN   
32       10166603 考區 : 臺中市立臺中二中      顏*祐   
..                          ...      ...   
108      10207832 考區 : 國立彰化師範大學      NaN   
109      10044123 考區 : 臺北市立百齡高中      蔡*憲   
110      10054418 考區 : 臺北市立內湖高中      林*霆   
111        10255824 考區 : 私立長榮高中      林*椲   
112      10111641 考區 : 桃園市立武陵高中      王*翔   
113      10002839 考區 : 臺北市立大同高中      NaN   
114      10022939 考區 : 國立臺灣師大附中      NaN   
115     10026229  考區 : 國立臺灣師大附中      謝*翔   
116      10032038 考區 : 臺北市立成淵高中      NaN   
117      10032331 考區 : 臺北市立成淵高中      方*婷   
118      10038517 考區 : 國立臺灣師範大學      NaN   
119        10066227 考區 : 國立華僑高中      黃*誠   
120      10078605 考區 : 新北市立新莊高中      NaN   
121      10081315 考區 : 新北市立新莊高中      NaN   
122      10086708 考區 : 新北市立新莊國中      NaN   
123      10097115 考區 : 新北市立永平高中      NaN   
124  10126914 考區 : 國立中央大學附屬中壢高中      鄭*棠   
125  10127706 考區 : 國立中央大學附屬中壢高中      NaN   
126      10134702 考區 : 桃園市立平鎮高中      NaN   
127      10176722 考區 : 國立中興大學附中      晁*勤   
128        10202226 考區 : 國立中興高中      謝*岳   
129        10229837 考區 : 國立嘉義高中      NaN   
130        10233807 考區 : 國立嘉義女中      林*凱   
131        10253438 考區 : 國立家齊高中      郭*瑋   
132      10266507 考區 : 國立高雄師範大學      NaN   
133      10293711 考區 : 高雄市立中山高中      曹*瑜   
134        10308316 考區 : 國立屏東女中      馮*凱   
135        10309827 考區 : 國立宜蘭大學      NaN   
136        10313842 考區 : 國立宜蘭大學      NaN   
137                         NaN      NaN   

1                                     校系名稱 [隱藏 科技大學校系]  
3    國立宜蘭大學 電子工程學系 正1 國立彰化師範大學 物理學系光電組 國立高雄大學 應用物理學...  
4                     國立宜蘭大學 電子工程學系 正2 淡江大學 資訊工程學系 正24  
5    國立宜蘭大學 電子工程學系 正3 中山醫學大學 健康餐飲暨產業管理學系 正23 中山醫學大學...  
6    國立宜蘭大學 電子工程學系 正4 中原大學 機械工程學系 正56  中原大學 電子工程學系 ...  
7    國立宜蘭大學 電子工程學系 正5 輔仁大學 電機工程學系 備30 國立臺南大學 數位學習科技...  
8    國立宜蘭大學 電子工程學系 正6 國立宜蘭大學 機械與機電工程學系 備26 國立宜蘭大學 化...  
9    國立宜蘭大學 電子工程學系 正7 中原大學 電子工程學系 正47 中原大學 電機工程學系 備...  
10   國立宜蘭大學 電子工程學系 正8 國立臺灣海洋大學 運輸科學系A組 備19 國立宜蘭大學 生...  
11   國立宜蘭大學 電子工程學系 正9 元智大學 電機工程學系(甲組) 備142 國立宜蘭大學 電...  
12   國立宜蘭大學 電子工程學系 正10 淡江大學 電機工程學系電機通訊組 備53 元智大學 電機...  
13   國立宜蘭大學 電子工程學系 正11 中原大學 電子工程學系 備32 淡江大學 電機工程學系電...  
14   國立宜蘭大學 電子工程學系 正12 國立臺灣海洋大學 環境生物與漁業科學學系 正9 國立屏東...  
15   國立宜蘭大學 電子工程學系 正13 淡江大學 資訊工程學系 備24 國立東華大學 電機工程學...  
16   國立宜蘭大學 電子工程學系 正14 大同大學 資訊工程學系 正20 長庚大學 電子工程學系 備23  
17   國立宜蘭大學 電子工程學系 正15 國立嘉義大學 應用經濟學系 備26  國立雲林科技大學工...  
18   國立宜蘭大學 電子工程學系 正16 逢甲大學 資訊工程學系 備95 國立宜蘭大學 電機工程學...  
19   國立宜蘭大學 電子工程學系 正17 淡江大學 電機工程學系電機資訊組 備16 輔仁大學 電機...  
20   國立宜蘭大學 電子工程學系 正18 國立東華大學 電機工程學系 備20 國立嘉義大學 電子物...  
21   國立宜蘭大學 電子工程學系 正19 中原大學 景觀學系 備12  逢甲大學 化學工程學系 正...  
22   國立宜蘭大學 電子工程學系 正20 中原大學 化學系材料化學組 備29 元智大學 化學工程與...  
23               國立宜蘭大學 電子工程學系 正21 元智大學 電機工程學系(乙組) 備31  
24   國立宜蘭大學 電子工程學系 正22 中原大學 機械工程學系 正119 中原大學 電子工程學系...  
25                                   國立宜蘭大學 電子工程學系 正23  
26   國立宜蘭大學 電子工程學系 正24 東海大學 化學系化學生物組 正25 國立臺北教育大學 自...  
27   國立宜蘭大學 電子工程學系 正25 中原大學 電子工程學系 備109 東海大學 資訊工程學系...  
28         國立宜蘭大學 電子工程學系 正26 國立高雄師範大學 工業科技教育學系科技教育與訓練組  
29   國立宜蘭大學 電子工程學系 正27 中原大學 電子工程學系 備132 逢甲大學 電子工程學系...  
30   國立宜蘭大學 電子工程學系 正28 東海大學 化學工程與材料工程學系(製程及能源工程組) 備...  
31   國立宜蘭大學 電子工程學系 正29 國立宜蘭大學 環境工程學系 備15  國立聯合大學 電機...  
32   國立宜蘭大學 電子工程學系 正30 淡江大學 資訊管理學系 備21 逢甲大學 資訊電機學院不...  
..                                                 ...  
108  國立宜蘭大學 電子工程學系 備66 逢甲大學 航太與系統工程學系 備106  國立聯合大學 ...  
109                 國立宜蘭大學 電子工程學系 備67 淡江大學 資訊管理學系 備106  
110  國立宜蘭大學 電子工程學系 備68 中原大學 機械工程學系 備204 中國文化大學 電機工程...  
111  國立宜蘭大學 電子工程學系 備69 淡江大學 航空太空工程學系 備22 逢甲大學 航太與系統...  
112  國立宜蘭大學 電子工程學系 備70 中原大學 土木工程學系 備129 中原大學 機械工程學系...  
113  國立宜蘭大學 電子工程學系  長庚大學 資訊管理學系 正3 元智大學 資訊學院英語學士學位學...  
114                       國立宜蘭大學 電子工程學系  國立宜蘭大學 電機工程學系  
115  國立宜蘭大學 電子工程學系  中原大學 電子工程學系 正57 淡江大學 電機工程學系電機資訊...  
116                                      國立宜蘭大學 電子工程學系  
117  國立宜蘭大學 電子工程學系  國立宜蘭大學 資訊工程學系 國立雲林科技大學工程科技菁英班 備...  
118  國立宜蘭大學 電子工程學系  國立成功大學 成星招生戊組(生醫) 國立宜蘭大學 化學工程與材...  
119  國立宜蘭大學 電子工程學系  輔仁大學 體育學系運動健康管理組 備9 國立體育大學 體育推廣...  
120                         國立宜蘭大學 電子工程學系  中原大學 電子工程學系  
121  國立宜蘭大學 電子工程學系  東吳大學 社會工作學系 輔仁大學 圖書資訊學系 國立宜蘭大學 ...  
122                       國立宜蘭大學 電子工程學系  國立宜蘭大學 資訊工程學系  
123                  國立宜蘭大學 電子工程學系  國立宜蘭大學 化學工程與材料工程學系  
124  國立宜蘭大學 電子工程學系  中原大學 土木工程學系 備5 中原大學 機械工程學系 備77 ...  
125  國立宜蘭大學 電子工程學系  國立東華大學 資訊管理學系 國立屏東大學 資訊管理學系  國立...  
126  國立宜蘭大學 電子工程學系  中原大學 土木工程學系 中原大學 電子工程學系 逢甲大學 電子...  
127  國立宜蘭大學 電子工程學系  逢甲大學 資訊工程學系 備63 逢甲大學 電子工程學系 正39...  
128  國立宜蘭大學 電子工程學系  中原大學 化學系化學組 備30 中原大學 電子工程學系 備45...  
129  國立宜蘭大學 電子工程學系  逢甲大學 資訊工程學系 逢甲大學 電子工程學系  國立金門大學...  
130  國立宜蘭大學 電子工程學系  東海大學 中國文學系 正46 國立屏東大學 中國語文學系 正3...  
131  國立宜蘭大學 電子工程學系  國立屏東大學 資訊管理學系 國立臺東大學 數位媒體與文教產業學...  
132  國立宜蘭大學 電子工程學系  大同大學 媒體設計學系數位遊戲設計組 國立屏東大學 應用物理系...  
133  國立宜蘭大學 電子工程學系  國立臺南大學 應用數學系 正11  國立高雄第一科技大學電腦與...  
134  國立宜蘭大學 電子工程學系  中原大學 電子工程學系 備121 逢甲大學 電子工程學系 備5...  
135      國立宜蘭大學 電子工程學系  逢甲大學 航太與系統工程學系 國立臺中教育大學 臺灣語文學系  
136                    國立宜蘭大學 電子工程學系  國立宜蘭大學 機械與機電工程學系  
137                                                NaN  

[135 rows x 3 columns]"
14,"1                        准考證號碼 姓 &nbsp名  \
3       10029516 考區 : 臺北市立松山高中      陳*瑜   
4       10052414 考區 : 臺北市立內湖高中      陳*浩   
5       10101535 考區 : 新北市立錦和高中      林*希   
6         10227512 考區 : 國立虎尾高中      黃*婷   
7       10040235 考區 : 臺北市立中山女中      練*帆   
8       10035811 考區 : 國立臺灣師範大學      NaN   
9       10029616 考區 : 臺北市立松山高中      張*融   
10  10128504 考區 : 國立中央大學附屬中壢高中      陳*安   
11        10232111 考區 : 國立嘉義高中      林*博   
12      10059928 考區 : 新北市立新店高中      陳*霖   
13      10004703 考區 : 臺北市立成功高中      游*毅   
14  10126926 考區 : 國立中央大學附屬中壢高中      孫*翰   
15      10031913 考區 : 臺北市立成淵高中      NaN   
16        10108434 考區 : 國立基隆女中      詹*丞   
17      10112920 考區 : 桃園市立武陵高中      石*維   
18      10090914 考區 : 新北市立新北高中      邵*堯   
19      10095929 考區 : 新北市立永平高中      邵*諺   
20      10143228 考區 : 新竹市立建功高中      羅*傑   
21      10095112 考區 : 新北市立三民高中      唐*果   
22      10106812 考區 : 國立臺灣海洋大學      NaN   
23      10004503 考區 : 臺北市立成功高中      黃*淳   
24        10154609 考區 : 國立竹北高中      NaN   
25      10072004 考區 : 新北市立新北高工      翁*桐   
26      10038523 考區 : 國立臺灣師範大學      林*緯   
27      10076718 考區 : 新北市立板橋高中      楊*華   
28      10078713 考區 : 新北市立新莊高中      吳*安   
29      10107638 考區 : 國立臺灣海洋大學      謝*劭   
30      10003417 考區 : 臺北市立大同高中      潘*誌   
31        10225238 考區 : 國立虎尾高中      余*倫   
32        10314138 考區 : 國立宜蘭大學      NaN   
33        10146224 考區 : 國立新竹高中      宋*嘉   
34   10124225 考區 : 國立北科大附屬桃園農工      王*昀   
35      10032930 考區 : 臺北市立成淵高中      NaN   
36  10130023 考區 : 國立中央大學附屬中壢高中      王*甫   
37      10269416 考區 : 高雄市立中正高中      鍾*宏   
38      10055141 考區 : 臺北市立內湖高中      林*穎   
39      10090728 考區 : 新北市立新北高中      黃*翔   
40      10102832 考區 : 新北市立錦和高中      陳*智   
41      10032937 考區 : 臺北市立成淵高中      NaN   
42    10211415 考區 : 國立彰化師大附屬高工      施*誠   
43      10006529 考區 : 臺北市立成功高中      陳*勳   
44      10032331 考區 : 臺北市立成淵高中      方*婷   
45      10039431 考區 : 國立臺灣師範大學      邱*瑋   
46      10045831 考區 : 臺北市立百齡高中      連*霆   
47      10052640 考區 : 臺北市立內湖高中      林*緯   
48      10086708 考區 : 新北市立新莊國中      NaN   
49  10126004 考區 : 國立中央大學附屬中壢高中      林*辰   
50  10128642 考區 : 國立中央大學附屬中壢高中      NaN   
51      10135128 考區 : 桃園市立平鎮高中      NaN   
52        10153837 考區 : 國立竹北高中      王*志   
53      10162519 考區 : 臺中市立文華高中      NaN   
54        10227622 考區 : 國立虎尾高中      王*游   
55        10232109 考區 : 國立嘉義高中      楊*原   
56      10270313 考區 : 高雄市立中正高中      NaN   
57        10319740 考區 : 國立花蓮高中      NaN   
58                         NaN      NaN   

1                                    校系名稱 [隱藏 科技大學校系]  
3   國立宜蘭大學 資訊工程學系 正1 國立臺灣海洋大學 資訊工程學系 正7 國立東華大學 資訊工...  
4                    國立宜蘭大學 資訊工程學系 正2 中原大學 資訊工程學系 正24  
5   國立宜蘭大學 資訊工程學系 正3 國立臺灣海洋大學 電機工程學系 正25 國立高雄大學 化學...  
6   國立宜蘭大學 資訊工程學系 正4 國立臺灣海洋大學 資訊工程學系 備59 國立臺中教育大學 ...  
7   國立宜蘭大學 資訊工程學系 正5 臺北市立大學 數學系 正21 國立嘉義大學 應用數學系 正...  
8                國立宜蘭大學 資訊工程學系 正6 國立宜蘭大學 應用經濟與管理學系 正3  
9   國立宜蘭大學 資訊工程學系 正7 中原大學 資訊工程學系 備33 元智大學 資訊工程學系 備...  
10  國立宜蘭大學 資訊工程學系 正8 中原大學 資訊工程學系 正60 國立臺中教育大學 資訊工程...  
11  國立宜蘭大學 資訊工程學系 正9 國立彰化師範大學 物理學系光電組 國立高雄大學 應用物理學...  
12  國立宜蘭大學 資訊工程學系 正10 國立嘉義大學 資訊管理學系 備35  國立雲林科技大學工...  
13  國立宜蘭大學 資訊工程學系 正11 國立臺灣師範大學 科技應用與人力資源發展學系 備13 長...  
14  國立宜蘭大學 資訊工程學系 正12 元智大學 資訊傳播學系科技組 正6 元智大學 資訊管理學...  
15           國立宜蘭大學 資訊工程學系 正13 國立臺灣海洋大學 機械與機電工程學系 備20  
16  國立宜蘭大學 資訊工程學系 正14 國立東華大學 光電工程學系 國立宜蘭大學 食品科學系 備...  
17  國立宜蘭大學 資訊工程學系 備1 淡江大學 資訊工程學系 正16 元智大學 資訊工程學系 備...  
18  國立宜蘭大學 資訊工程學系 備2 臺北市立大學 數學系  國立虎尾科技大學生物科技系 國立臺...  
19  國立宜蘭大學 資訊工程學系 備3 中原大學 資訊工程學系 正28 國立臺中教育大學 資訊工程...  
20  國立宜蘭大學 資訊工程學系 備4 國立東華大學 資訊工程學系學士班資工組 備23  國立勤益...  
21  國立宜蘭大學 資訊工程學系 備5 國立臺灣師範大學 地理學系 備1 國立臺灣海洋大學 海洋生...  
22                 國立宜蘭大學 資訊工程學系 備6 國立宜蘭大學 電機工程學系 正23  
23  國立宜蘭大學 資訊工程學系 備7 國立東華大學 資訊工程學系學士班資工組 備9  國立虎尾科...  
24                   國立宜蘭大學 資訊工程學系 備8 逢甲大學 資訊工程學系 備45  
25  國立宜蘭大學 資訊工程學系 備9 輔仁大學 臨床心理學系 輔仁大學 資訊工程學系 正36 國...  
26  國立宜蘭大學 資訊工程學系 備10 國立宜蘭大學 電機工程學系 備24  國立高雄應用科技大...  
27  國立宜蘭大學 資訊工程學系 備11 國立暨南國際大學 資訊管理學系 備4 國立宜蘭大學 電子...  
28  國立宜蘭大學 資訊工程學系 備12 國立成功大學 成星招生丁組(工) 國立交通大學 旋坤揚帆...  
29  國立宜蘭大學 資訊工程學系 備13 東海大學 資訊工程學系軟體工程組 備2 逢甲大學 資訊工...  
30  國立宜蘭大學 資訊工程學系 備14 淡江大學 資訊工程學系 國立臺灣海洋大學 通訊與導航工程...  
31  國立宜蘭大學 資訊工程學系 備15 逢甲大學 資訊工程學系 正62  國立虎尾科技大學資訊工...  
32                  國立宜蘭大學 資訊工程學系 備16 輔仁大學 資訊工程學系 正66  
33  國立宜蘭大學 資訊工程學系 備17 淡江大學 會計學系 備23 淡江大學 建築學系 輔仁大學...  
34  國立宜蘭大學 資訊工程學系 備18 中原大學 資訊工程學系 正63 淡江大學 資訊工程學系 ...  
35               國立宜蘭大學 資訊工程學系 備19 國立宜蘭大學 電機工程學系  備13  
36  國立宜蘭大學 資訊工程學系 備20 國立臺南大學 數位學習科技學系 正12 國立嘉義大學 資...  
37  國立宜蘭大學 資訊工程學系 備21 國立東華大學 資訊工程學系學士班資工組 備28 國立東華...  
38                  國立宜蘭大學 資訊工程學系 備22 淡江大學 資訊工程學系 正73  
39      國立宜蘭大學 資訊工程學系 備23 中原大學 資訊工程學系 備82 國立嘉義大學 園藝學系  
40  國立宜蘭大學 資訊工程學系 備24 中原大學 資訊工程學系 備90 淡江大學 資訊工程學系 ...  
41  國立宜蘭大學 資訊工程學系 備25 國立臺灣海洋大學 生命科學暨生物科技學系 國立臺灣海洋大...  
42  國立宜蘭大學 資訊工程學系 備26 國立臺中教育大學 資訊工程學系 備40 國立暨南國際大學...  
43  國立宜蘭大學 資訊工程學系  國立屏東大學 資訊科學系 正18  國立虎尾科技大學資訊工程系...  
44  國立宜蘭大學 資訊工程學系  國立宜蘭大學 電子工程學系  國立雲林科技大學工程科技菁英班 ...  
45  國立宜蘭大學 資訊工程學系  國立東華大學 物理學系奈米與光電科學組 備2 國立宜蘭大學 機...  
46  國立宜蘭大學 資訊工程學系  淡江大學 資訊工程學系 正8 輔仁大學 資訊工程學系 正63 ...  
47         國立宜蘭大學 資訊工程學系  淡江大學 資訊工程學系 正41 逢甲大學 資訊工程學系  
48                       國立宜蘭大學 資訊工程學系  國立宜蘭大學 電子工程學系  
49  國立宜蘭大學 資訊工程學系  中原大學 資訊工程學系 正55 元智大學 資訊工程學系 正64...  
50         國立宜蘭大學 資訊工程學系  國立聯合大學 資訊工程學系 國立金門大學 資訊工程學系  
51                    國立宜蘭大學 資訊工程學系  中原大學 化學工程學系材料工程組  
52                       國立宜蘭大學 資訊工程學系  國立嘉義大學 資訊管理學系  
53                                      國立宜蘭大學 資訊工程學系  
54  國立宜蘭大學 資訊工程學系  國立聯合大學 資訊工程學系 備18 國立金門大學 資訊工程學系...  
55  國立宜蘭大學 資訊工程學系  逢甲大學 資訊工程學系 輔仁大學 資訊工程學系 國立中正大學 ...  
56                         國立宜蘭大學 資訊工程學系  逢甲大學 資訊工程學系  
57  國立宜蘭大學 資訊工程學系  國立成功大學 資訊工程學系 國立政治大學 資訊科學系 國立彰化...  
58                                                NaN  "
